USE newamabae;

insert into `Users`(`UserID`,`username`,`password`,`email`,`gender`,`age`,`income`,`rating`,`status`) values (1,'Chengxiang','1','chengxiang@gmail.com','male',43,-1,0,0);
insert into `Users`(`UserID`,`username`,`password`,`email`,`gender`,`age`,`income`,`rating`,`status`) values (2,'kimi2','1','kimi@sina.com','female',75,30000,0,0);
insert into `Users`(`UserID`,`username`,`password`,`email`,`gender`,`age`,`income`,`rating`,`status`) values (3,'tianqi','1','tianqi@126.com','male',69,-1,0,0);
insert into `Users`(`UserID`,`username`,`password`,`email`,`gender`,`age`,`income`,`rating`,`status`) values (4,'Lubber','1','lubber@sina.com','female',27,-1,10,0);
insert into `Users`(`UserID`,`username`,`password`,`email`,`gender`,`age`,`income`,`rating`,`status`) values (5,'Michel','1','Michel@gmail.com','male',94,3500,0,0);
insert into `Users`(`UserID`,`username`,`password`,`email`,`gender`,`age`,`income`,`rating`,`status`) values (6,'Mini','1','mini@psu.edu','female',32,500,0,0);
insert into `Users`(`UserID`,`username`,`password`,`email`,`gender`,`age`,`income`,`rating`,`status`) values (7,'Houbing','1','houbing@yahoo.com','female',25,20000,6,0);
insert into `Users`(`UserID`,`username`,`password`,`email`,`gender`,`age`,`income`,`rating`,`status`) values (8,'barb456','1','barb456@163.com','male',43,12000,0,0);
insert into `Users`(`UserID`,`username`,`password`,`email`,`gender`,`age`,`income`,`rating`,`status`) values (9,'bob','1','bob@qq.com','female',44,3500,0,0);
insert into `Users`(`UserID`,`username`,`password`,`email`,`gender`,`age`,`income`,`rating`,`status`) values (10,'trudy','1','trudy@gmail.com','male',19,2800,0,0);
insert into `Users`(`UserID`,`username`,`password`,`email`,`gender`,`age`,`income`,`rating`,`status`) values (11,'kimi','1','zhongyuan@gmail.com','male',34,10000,6,0);
insert into `Users`(`UserID`,`username`,`password`,`email`,`gender`,`age`,`income`,`rating`,`status`) values (12,'Tubie','1','tubie@163.com','female',120,40000,8,0);
insert into `Users`(`UserID`,`username`,`password`,`email`,`gender`,`age`,`income`,`rating`,`status`) values (13,'tyler','1','tyler@gmail.com','female',57,6400,0,0);
insert into `Users`(`UserID`,`username`,`password`,`email`,`gender`,`age`,`income`,`rating`,`status`) values (14,'Sam','1','sam@cse.psu.edu','male',48,-1,10,0);
insert into `Users`(`UserID`,`username`,`password`,`email`,`gender`,`age`,`income`,`rating`,`status`) values (15,'paddle','1','paddle@gmail.com','male',29,5600,0,0);
insert into `Users`(`UserID`,`username`,`password`,`email`,`gender`,`age`,`income`,`rating`,`status`) values (16,'sxm624','1','sxm624@gmail.com',null,null,null,0,0);
insert into `Users`(`UserID`,`username`,`password`,`email`,`gender`,`age`,`income`,`rating`,`status`) values (18,'1111','1','szr5405@psu.edu',null,null,null,0,0);
insert into `Users`(`UserID`,`username`,`password`,`email`,`gender`,`age`,`income`,`rating`,`status`) values (19,'Xiaomei','1','mei@gmail.com',null,null,null,0,0);
insert into `Users`(`UserID`,`username`,`password`,`email`,`gender`,`age`,`income`,`rating`,`status`) values (20,'sxm6241','1','szr5405@psu.edu',null,null,null,0,0);
insert into `Users`(`UserID`,`username`,`password`,`email`,`gender`,`age`,`income`,`rating`,`status`) values (21,'sxm6243','1','sxm624@gmail.com',null,null,null,0,0);
insert into `Users`(`UserID`,`username`,`password`,`email`,`gender`,`age`,`income`,`rating`,`status`) values (22,'sxm6244','1','szr5405@psu.edu',null,null,null,0,0);
insert into `Users`(`UserID`,`username`,`password`,`email`,`gender`,`age`,`income`,`rating`,`status`) values (23,'root2','1','szr5405@psu.edu',null,null,null,0,0);
insert into `Users`(`UserID`,`username`,`password`,`email`,`gender`,`age`,`income`,`rating`,`status`) values (24,'1111111111111111111','1','szr5405@psu.edu',null,null,null,0,0);
insert into `Users`(`UserID`,`username`,`password`,`email`,`gender`,`age`,`income`,`rating`,`status`) values (25,'hahahaha','1','sxm624@gmail.com',null,null,null,0,0);
insert into `Users`(`UserID`,`username`,`password`,`email`,`gender`,`age`,`income`,`rating`,`status`) values (26,'sxm624000000','1','szr5405@psu.edu','male',29,0,0,0);
insert into `Users`(`UserID`,`username`,`password`,`email`,`gender`,`age`,`income`,`rating`,`status`) values (27,'sxm624--0000000','1','sxm624@gmail.com',null,null,null,0,0);
insert into `Users`(`UserID`,`username`,`password`,`email`,`gender`,`age`,`income`,`rating`,`status`) values (28,'sxm62400000000000','1','sxm624@gmail.com',null,null,null,0,0);
insert into `Users`(`UserID`,`username`,`password`,`email`,`gender`,`age`,`income`,`rating`,`status`) values (29,'sxm624sdfsdfds','1','sxm624@gmail.com',null,null,null,0,0);
insert into `Users`(`UserID`,`username`,`password`,`email`,`gender`,`age`,`income`,`rating`,`status`) values (30,'222','1','sxm624@gmail.com',null,null,null,0,0);
insert into `Users`(`UserID`,`username`,`password`,`email`,`gender`,`age`,`income`,`rating`,`status`) values (31,'sam2','1','sxm624@gmail.com',null,null,0,0,0);
insert into `Users`(`UserID`,`username`,`password`,`email`,`gender`,`age`,`income`,`rating`,`status`) values (32,'seller','1','sxm624@gmail.com',null,null,0,5,0);
insert into `Users`(`UserID`,`username`,`password`,`email`,`gender`,`age`,`income`,`rating`,`status`) values (33,'buyer1','1','sxm624@gmail.com',null,null,0,0,0);
insert into `Users`(`UserID`,`username`,`password`,`email`,`gender`,`age`,`income`,`rating`,`status`) values (34,'buyer2','1','sxm624@gmail.com',null,null,0,0,0);
insert into `Users`(`UserID`,`username`,`password`,`email`,`gender`,`age`,`income`,`rating`,`status`) values (35,'zhang','1','szr5405@psu.edu','male',1,1000,0,0);
insert into `Users`(`UserID`,`username`,`password`,`email`,`gender`,`age`,`income`,`rating`,`status`) values (36,'s','1','szr5405@psu.edu',null,null,0,0,0);
insert into `Users`(`UserID`,`username`,`password`,`email`,`gender`,`age`,`income`,`rating`,`status`) values (37,'asdfsaffdsf','1','sxm624@gmail.com',null,null,0,0,0);
insert into `Users`(`UserID`,`username`,`password`,`email`,`gender`,`age`,`income`,`rating`,`status`) values (38,'11111111111111111111','1','szr5405@psu.edu',null,null,0,0,0);
insert into `Users`(`UserID`,`username`,`password`,`email`,`gender`,`age`,`income`,`rating`,`status`) values (39,'1','1','szr5405@psu.edu',null,null,0,0,0);
insert into `Users`(`UserID`,`username`,`password`,`email`,`gender`,`age`,`income`,`rating`,`status`) values (40,'2','1','szr5405@psu.edu',null,null,0,0,0);
insert into `Users`(`UserID`,`username`,`password`,`email`,`gender`,`age`,`income`,`rating`,`status`) values (41,'33','1','sxm624@gmail.com',null,null,0,0,0);
insert into `Users`(`UserID`,`username`,`password`,`email`,`gender`,`age`,`income`,`rating`,`status`) values (42,'55','1','sxm624@gmail.com',null,null,0,0,0);
insert into `Users`(`UserID`,`username`,`password`,`email`,`gender`,`age`,`income`,`rating`,`status`) values (43,'cagt','1','TJE2294@GMAIL.COM',null,null,0,0,0);
INSERT INTO Suppliers (SupplierID, username, password, compname, address, pcontact, phone, rating)
VALUES
(1,'anonymous1','123456','anonymous1','unavailable','anonymous1','unavailable',0),
(2,'anonymous2','123456','anonymous2','unavailable','anonymous2','unavailable',0),
(3,'anonymous3','123456','anonymous3','unavailable','anonymous3','unavailable',0),
(4,'anonymous4','123456','anonymous4','unavailable','anonymous4','unavailable',0),
(5,'anonymous5','123456','anonymous5','unavailable','anonymous5','unavailable',0),
(6,'anonymous6','123456','anonymous6','unavailable','anonymous6','unavailable',0),
(7,'anonymous7','123456','anonymous7','unavailable','anonymous7','unavailable',0),
(8,'anonymous8','123456','anonymous8','unavailable','anonymous8','unavailable',0),
(9,'anonymous9','123456','anonymous9','unavailable','anonymous9','unavailable',0),
(10,'anonymous10','123456','anonymous10','unavailable','anonymous10','unavailable',0),
(11,'anonymous11','123456','anonymous11','unavailable','anonymous11','unavailable',0),
(12,'anonymous12','123456','anonymous12','unavailable','anonymous12','unavailable',0),
(13,'anonymous13','123456','anonymous13','unavailable','anonymous13','unavailable',0),
(14,'anonymous14','123456','anonymous14','unavailable','anonymous14','unavailable',0),
(15,'anonymous15','123456','anonymous15','unavailable','anonymous15','unavailable',0),
(16,'anonymous16','123456','anonymous16','unavailable','anonymous16','unavailable',0),
(17,'anonymous17','123456','anonymous17','unavailable','anonymous17','unavailable',0),
(18,'anonymous18','123456','anonymous18','unavailable','anonymous18','unavailable',0),
(19,'anonymous19','123456','anonymous19','unavailable','anonymous19','unavailable',0),
(20,'anonymous20','123456','anonymous20','unavailable','anonymous20','unavailable',0),
(21,'anonymous21','123456','anonymous21','unavailable','anonymous21','unavailable',0),
(22,'anonymous22','123456','anonymous22','unavailable','anonymous22','unavailable',0),
(23,'anonymous23','123456','anonymous23','unavailable','anonymous23','unavailable',0),
(24,'anonymous24','123456','anonymous24','unavailable','anonymous24','unavailable',0),
(25,'anonymous25','123456','anonymous25','unavailable','anonymous25','unavailable',0),
(26,'anonymous26','123456','anonymous26','unavailable','anonymous26','unavailable',0),
(27,'anonymous27','123456','anonymous27','unavailable','anonymous27','unavailable',0),
(28,'anonymous28','123456','anonymous28','unavailable','anonymous28','unavailable',0),
(29,'anonymous29','123456','anonymous29','unavailable','anonymous29','unavailable',0),
(30,'anonymous30','123456','anonymous30','unavailable','anonymous30','unavailable',0),
(31,'anonymous31','123456','anonymous31','unavailable','anonymous31','unavailable',0),
(32,'anonymous32','123456','anonymous32','unavailable','anonymous32','unavailable',0),
(33,'anonymous33','123456','anonymous33','unavailable','anonymous33','unavailable',0),
(34,'anonymous34','123456','anonymous34','unavailable','anonymous34','unavailable',0),
(35,'anonymous35','123456','anonymous35','unavailable','anonymous35','unavailable',0),
(36,'anonymous36','123456','anonymous36','unavailable','anonymous36','unavailable',0),
(37,'anonymous37','123456','anonymous37','unavailable','anonymous37','unavailable',0),
(38,'anonymous38','123456','anonymous38','unavailable','anonymous38','unavailable',0),
(39,'anonymous39','123456','anonymous39','unavailable','anonymous39','unavailable',0);
INSERT INTO Categories (CategoryID, category_name)
VALUES
(10000000,'ALL'),
(1,'Electronics'),
(2,'Cell phones'),
(3,'Smartpnone'),
(4,'Accessories'),
(5,'Computer'),
(6,'Laptop'),
(7,'Tablets'),
(8,'Desktop'),
(9,'Parts'),
(10,'Clothing&Shoes'),
(11,'Women'),
(12,'Jeans'),
(13,'Coats'),
(14,'Shoes'),
(15,'Men'),
(16,'Jeans'),
(17,'T-shirts'),
(18,'Shoes'),
(19,'Appliances'),
(20,'Kitchen'),
(21,'Microwave'),
(22,'Frigerator'),
(23,'Burner'),
(24,'Livingroom'),
(25,'TV'),
(26,'Airconditioner'),
(27,'Books'),
(28,'Textbooks'),
(29,'Education'),
(30,'Computer Science'),
(31,'Social Science'),
(32,'Magazines'),
(33,'Fashion&Style'),
(34,'Cooking'),
(35,'Children\'s Books'),
(36,'Games'),
(37,'Animals'),
(38,'Early Learning');
UPDATE Categories SET CategoryID = 0 WHERE category_name = "ALL";

INSERT INTO Category_map (MapID, parentID)
VALUES
(1,0),
(2,1),
(3,2),
(4,2),
(5,1),
(6,5),
(7,5),
(8,5),
(9,5),
(10,0),
(11,10),
(12,11),
(13,11),
(14,11),
(15,10),
(16,15),
(17,15),
(18,15),
(19,0),
(20,19),
(21,20),
(22,20),
(23,20),
(24,19),
(25,24),
(26,24),
(27,0),
(28,27),
(29,28),
(30,28),
(31,28),
(32,27),
(33,32),
(34,32),
(35,27),
(36,35),
(37,35),
(38,35);

insert into `Items`(`ItemID`,`category`,`item_name`,`description`,`quantity`,`shippinginfo`,`shippingprice`,`location`,`picture`,`source`,`uploadtime`) values (1,3,'Apple iPhone 6S Factory Sealed Unlocked Phone, 64GB (Gold)',' use iOS 9, 3D Touch, 1080p HD video,golden',100000,'freeshipping',0,'Arkansas,Guttenberg','image/1.jpg',0,null);
insert into `Items`(`ItemID`,`category`,`item_name`,`description`,`quantity`,`shippinginfo`,`shippingprice`,`location`,`picture`,`source`,`uploadtime`) values (2,4,'iPhone 6s Case, Spigen [Extreme Protection] Tough Armor Case for Apple iPhone 6 / iPhone 6s - Rose Gold','Certified MIL-STD 810G 516.6 protection with Air Cushion Technology for intense fortification against drops',100000,'freeshipping',0,'Arizona,Union','image/2.jpg',0,null);
insert into `Items`(`ItemID`,`category`,`item_name`,`description`,`quantity`,`shippinginfo`,`shippingprice`,`location`,`picture`,`source`,`uploadtime`) values (3,3,'Samsung Galaxy S6 Edge G925F Unlocked Cellphone, 32GB, Black','Android v5.0.2 (Lollipop), Quad-Core 1.5 GHz Cortex-A53 + Quad-Core 2.1 GHz Cortex-A57 Processor, Chipset: Exynos 742, Mali-T760 Graphics',100000,'UPS one-day shipping',3.99,'California,West','image/3.jpg',0,null);
insert into `Items`(`ItemID`,`category`,`item_name`,`description`,`quantity`,`shippinginfo`,`shippingprice`,`location`,`picture`,`source`,`uploadtime`) values (4,4,'Galaxy S6 Edge Screen Protector, amFilm Full Screen Coverage (Edge to Edge) HD Clear (Invisible) Screen Protector for Samsung Galaxy S6 Edge with Lifetime Replacement Warranty (2-Pack)','Includes: 2x Front Screen Protector, Micro-Fiber Cleaning Cloth, Squeeze Card',100000,'freeshipping',0,'Colorado,Hoboken','image/4.jpg',0,null);
insert into `Items`(`ItemID`,`category`,`item_name`,`description`,`quantity`,`shippinginfo`,`shippingprice`,`location`,`picture`,`source`,`uploadtime`) values (5,6,'Apple MacBook Air MJVM2LL/A 11.6-Inch Laptop (1.6 GHz Intel Core i5, 128 GB Hard Drive, Integrated Intel HD Graphics 6000, Mac OS X 10.10 Yosemite)','1.6 GHz dual-core Intel Core i5 (Turbo Boost up to 2.7 GHz) with 3 MB shared L3 cache, OS X Yosemite, Up to 9 Hours of Battery Life',99999,'freeshipping',0,'Connecticut,Kaser','image/5.jpg',0,null);
insert into `Items`(`ItemID`,`category`,`item_name`,`description`,`quantity`,`shippinginfo`,`shippingprice`,`location`,`picture`,`source`,`uploadtime`) values (6,6,'Toshiba Satellite C55-C5241 15.6 Inch Laptop (Intel Core i5, 8 GB, 1TB HDD, Black)','Intel Core i5-5200U Processor, Mobile Intel HD 5500 Graphics, 8 GB DDR3L SDRAM, 1.0TB (5400 RPM, Serial ATA), DVD-SuperMulti, 15.6-Inch, 1366X768 pixels LED-lit Screen, Windows 10 Home, Textured Resin in Brushed Black',100000,'USPS standard shipping',4.99,'Idaho,New Yor','image/6.jpg',0,null);
insert into `Items`(`ItemID`,`category`,`item_name`,`description`,`quantity`,`shippinginfo`,`shippingprice`,`location`,`picture`,`source`,`uploadtime`) values (7,7,'Samsung Galaxy Tab A SM-T350NZAAXAR 8-Inch Tablet (16 GB, SMOKY Titanium)','"Android 5.0 Lollipop, 8-inch Display
Samsung Quad Core Processor, 1.2 GHz
16 GB Flash Memory, 1.5 GB RAM Memory"',100000,'freeshipping',0,'Delaware,Cliffside','image/7.jpg',0,null);
insert into `Items`(`ItemID`,`category`,`item_name`,`description`,`quantity`,`shippinginfo`,`shippingprice`,`location`,`picture`,`source`,`uploadtime`) values (8,8,'ASUS M32AD Desktop (Core i3, 8GB, 1TB, Windows 10) with Keyboard and Mouse','"Intel Core i3-4170 Dual-Core 3.7GHz processor
8GB DDR3; 1TB HDD
Intel Integrated 4400 HD Graphics
802.11 AC WiFi with Bluetooth 4.0
Windows 10 Operating System"',100000,'UPS two-day shipping',15.49,'Florida,East Newark','image/8.jpg',0,null);
insert into `Items`(`ItemID`,`category`,`item_name`,`description`,`quantity`,`shippinginfo`,`shippingprice`,`location`,`picture`,`source`,`uploadtime`) values (9,9,'HP Pavilion 23xw 23-in IPS LED Backlit Monitor','"Captivating imagery: Color and clarity radiate from the screen with Full HD 1920 x 1080 resolution , incredible 10,000,000:1 dynamic contrast ratio, 16:9 aspect ratio, and quick 7 ms response time
"',100000,'freeshipping',0,'Florida,Maywood','image/9.jpg',0,null);
insert into `Items`(`ItemID`,`category`,`item_name`,`description`,`quantity`,`shippinginfo`,`shippingprice`,`location`,`picture`,`source`,`uploadtime`) values (10,7,'Apple MGNV2LL/A iPad mini 3, 7.9-Inch Retina Display 16GB, Wi-Fi, Silver','"Apple iOS 8, 7.9-Inch Retina Display; 2048x1536 Resolution
A7 Chip with 64-bit Architecture; M7 Motion Coprocessor
Wi-Fi (802.11a/b/g/n); 16 GB Capacity"',100000,'freeshipping',0,'Georgia,Passaic','image/10.jpg',0,null);
insert into `Items`(`ItemID`,`category`,`item_name`,`description`,`quantity`,`shippinginfo`,`shippingprice`,`location`,`picture`,`source`,`uploadtime`) values (11,13,'Anne Klein Women''s Classic Double-Breasted Coat','"100% Polyester Dry Clean Only"',100000,'freeshipping',0,'Guam,Great','image/11.jpg',0,null);
insert into `Items`(`ItemID`,`category`,`item_name`,`description`,`quantity`,`shippinginfo`,`shippingprice`,`location`,`picture`,`source`,`uploadtime`) values (12,12,'Levi''s Women''s Mid-Rise Skinny Jean','"78% Cotton/20% Polyester/2% Elastane Machine Wash"',100000,'Fedex',5,'Hawaii,North','image/12.jpg',0,null);
insert into `Items`(`ItemID`,`category`,`item_name`,`description`,`quantity`,`shippinginfo`,`shippingprice`,`location`,`picture`,`source`,`uploadtime`) values (13,13,'Carhartt Women''s Gallatin Coat','"100% Cotton Zipper closure
Machine Wash
Quilt flannel lined"',100000,'freeshipping',0,'Iowa,Cudahy','image/13.jpg',0,null);
insert into `Items`(`ItemID`,`category`,`item_name`,`description`,`quantity`,`shippinginfo`,`shippingprice`,`location`,`picture`,`source`,`uploadtime`) values (14,14,'Nine West Women''s RAELYNN Pony Dress Pump','"Dyed cow fur from China Dyed Calf, Fur Origin: China
Synthetic sole
Heel measures approximately 1.75"""',100000,'freeshipping',0,'Idaho,Sunny','image/14.jpg',0,null);
insert into `Items`(`ItemID`,`category`,`item_name`,`description`,`quantity`,`shippinginfo`,`shippingprice`,`location`,`picture`,`source`,`uploadtime`) values (15,17,'Soffe Men''s Long-Sleeve Cotton T-Shirt','"Imported
Machine Wash
Long-sleeve athletic-fit tee featuring crew neckline and banded cuffs.
The Charcoal Heather is made up of 50%cotton / 50%polyester all the other colors are 100% cotton."',100000,'USPS starndard shipping',5,'Illinois,Huntington','image/15.jpg',0,null);
insert into `Items`(`ItemID`,`category`,`item_name`,`description`,`quantity`,`shippinginfo`,`shippingprice`,`location`,`picture`,`source`,`uploadtime`) values (16,16,'Levi''s Men''s 505 Regular Fit Jean','"100% Cotton Button closure
Machine Wash
Regular-fit jean featuring five-pocket styling and signature logo label at back waist
Zip fly with button closure"',100000,'freeshipping',0,'Indiana,Somerville','image/16.jpg',0,null);
insert into `Items`(`ItemID`,`category`,`item_name`,`description`,`quantity`,`shippinginfo`,`shippingprice`,`location`,`picture`,`source`,`uploadtime`) values (17,17,'Impact Merchandising Captain America Navy Distressed Shield T-Shirt','"100% pre-shrunk cotton
Made in USA and Imported
Pull On closure"',100000,'UPS standard shipping',3,'Kansas,West Hollywood','image/17.jpg',0,null);
insert into `Items`(`ItemID`,`category`,`item_name`,`description`,`quantity`,`shippinginfo`,`shippingprice`,`location`,`picture`,`source`,`uploadtime`) values (18,18,'Sorel Men''s Cheyanne Lace Rain Boot','"Leather
Rubber sole
Shaft measures approximately 7.5"" from arch
Heel measures approximately 0.75""
Ankle-high cold-weather boot with waterproof leather upper featuring five-eye lacing system and padded collar"',100000,'freeshipping',0,'Kentucky,Irvington','image/18.jpg',0,null);
insert into `Items`(`ItemID`,`category`,`item_name`,`description`,`quantity`,`shippinginfo`,`shippingprice`,`location`,`picture`,`source`,`uploadtime`) values (19,21,'Panasonic 1200W 1.2 Cu. Ft Countertop Microwave Oven with Inverter Technology NN-SN651B Black','"1200 watts of high power; one-touch genius sensor cook and reheat for automatic cooking settings and even keep warm feature
13-1/2-inch turntable; delay start and timer; more/less control; quick minute, popcorn key"',100000,'Fedex',10,'Louisiana,Poplar Hills','image/19.jpg',0,null);
insert into `Items`(`ItemID`,`category`,`item_name`,`description`,`quantity`,`shippinginfo`,`shippingprice`,`location`,`picture`,`source`,`uploadtime`) values (20,22,'Midea HS-65L Compact Single Reversible Door Refrigerator with Freezer, 1.7 Cubic Feet Stainless-Steel','"Mechanical control with adjustable thermostat
Adjustable leg; Reversible door
Energy saving; Low noise
Separate chiller compartment
Full 1-Year / Compressor 2-Year Warranty"',100000,'fedex',15.49,'Massachusetts,Paterson','image/20.jpg',0,null);
insert into `Items`(`ItemID`,`category`,`item_name`,`description`,`quantity`,`shippinginfo`,`shippingprice`,`location`,`picture`,`source`,`uploadtime`) values (21,21,'Oster OGH6901 0.9 Cubic Feet Digital Microwave Oven, Stainless/Black','"900-watt of cooking power with 10 adjustable power levels
6 auto cooking/one touch menu options
Express cooking and weight defrost
Digital timer and digital clock, led display"',100000,'freeshipping',0,'Maryland,San Francisco','image/21.jpg',0,null);
insert into `Items`(`ItemID`,`category`,`item_name`,`description`,`quantity`,`shippinginfo`,`shippingprice`,`location`,`picture`,`source`,`uploadtime`) values (22,22,'Culinair Af100s 1.7-Cubic Foot Compact Refrigerator, Silver and Black','"1.7-cubic foot compact fridge
Thermoelectric technology
Auto-defrost and temperature controller"',100000,'USPS',20,'Maine,Sweetwater','image/22.jpg',0,null);
insert into `Items`(`ItemID`,`category`,`item_name`,`description`,`quantity`,`shippinginfo`,`shippingprice`,`location`,`picture`,`source`,`uploadtime`) values (23,23,'IMUSA USA GAU-80305 1100W Electric Single Burner, Black','"This Single Burner is Small and Compact Perfect for Travel
Can Be Used for Cooking Outdoors or in the Office
Features a Temperature Regulating Knob with Heat Distribution Coils"',100000,'freeshipping',0,'Marshall Islands,Bell Gardens','image/23.jpg',0,null);
insert into `Items`(`ItemID`,`category`,`item_name`,`description`,`quantity`,`shippinginfo`,`shippingprice`,`location`,`picture`,`source`,`uploadtime`) values (24,25,'Samsung UN32J4000 32-Inch 720p 60Hz LED TV (2015 Model)','"Refresh Rate: 60CMR (Effective)
Backlight: LED
Smart Functionality: No
Dimensions (W x H x D): TV w/ stand: 29.3"" x 18.2"" x 5.9"", TV w/o stand: 29.3"" x 17.1"" x 2.7""
Inputs: 2 HDMI, 1 USB"',100000,'freeshipping',0,'Michigan,Millbourne','image/24.jpg',0,null);
insert into `Items`(`ItemID`,`category`,`item_name`,`description`,`quantity`,`shippinginfo`,`shippingprice`,`location`,`picture`,`source`,`uploadtime`) values (25,25,'Sony KDL48R510C 48-Inch 1080p 60Hz Smart LED TV (2015 Model)','"Beautiful Full HD 1080p picture, Crisp detail & contrast with Clear Resolution Enhancer
Slim and bright LED display with vivid color, Smooth movement with Motion flow XR 120
Stream HD entertainment wirelessly with built-in Wi-Fi"',100000,'UPS one-day shipping',20,'Minnesota,East Orange','image/25.jpg',0,null);
insert into `Items`(`ItemID`,`category`,`item_name`,`description`,`quantity`,`shippinginfo`,`shippingprice`,`location`,`picture`,`source`,`uploadtime`) values (26,26,'Honeywell MN10CESWW 10,000 BTU Portable Air Conditioner with Remote Control - White','"10,000 BTU portable air conditioner with no-bucket design cools areas up to 400 sq. ft.
Dehumidification up to 79.2 pints per day
Digital LED display, precise feather-touch controls and full-function remote control"',100000,'freeshipping',0,'Missouri,Central Falls','image/26.jpg',0,null);
insert into `Items`(`ItemID`,`category`,`item_name`,`description`,`quantity`,`shippinginfo`,`shippingprice`,`location`,`picture`,`source`,`uploadtime`) values (27,30,'Code: The Hidden Language of Computer Hardware and Software','Using everyday objects and familiar language systems such as Braille and Morse code, author Charles Petzold weaves an illuminating narrative for anyone who''s ever wondered about the secret inner life of computers and other smart machines.',100000,'UPS standard shipping',5.99,'Indiana,Jersey City','image/27.jpg',0,null);
insert into `Items`(`ItemID`,`category`,`item_name`,`description`,`quantity`,`shippinginfo`,`shippingprice`,`location`,`picture`,`source`,`uploadtime`) values (28,30,'The Elements of Computing Systems: Building a Modern Computer from First Principles','The Elements of Computing Systems gives students an integrated and rigorous picture of applied computer science, as its comes to play in the construction of a simple yet powerful computer system.',100000,'freeshipping',0,'Mississippi,Guttenberg','image/28.jpg',0,null);
insert into `Items`(`ItemID`,`category`,`item_name`,`description`,`quantity`,`shippinginfo`,`shippingprice`,`location`,`picture`,`source`,`uploadtime`) values (29,29,'How Children Succeed: Grit, Curiosity, and the Hidden Power of Character','But in How Children Succeed, Paul Tough argues that the qualities that matter more have to do with character: skills like perseverance, curiosity, optimism, and self-control.',100000,'freeshipping',0,'Montana,Union','image/29.jpg',0,null);
insert into `Items`(`ItemID`,`category`,`item_name`,`description`,`quantity`,`shippinginfo`,`shippingprice`,`location`,`picture`,`source`,`uploadtime`) values (30,30,'Introduction to Algorithms, 3rd Edition','The book covers a broad range of algorithms in depth, yet makes their design and analysis accessible to all levels of readers. Each chapter is relatively self-contained and can be used as a unit of study.',100000,'freeshipping',0,'North Carolina,West','image/30.jpg',0,null);
insert into `Items`(`ItemID`,`category`,`item_name`,`description`,`quantity`,`shippinginfo`,`shippingprice`,`location`,`picture`,`source`,`uploadtime`) values (31,31,'Social Science: An Introduction to the Study of Society','Readers will see how seemingly diverse disciplines intermingle-anthropology and economics, for example. In the end, students will be able to approach social issues with unbiased problem-solving skills.',100000,'freeshipping',0,'North Dakota,Hoboken','image/31.jpg',0,null);
insert into `Items`(`ItemID`,`category`,`item_name`,`description`,`quantity`,`shippinginfo`,`shippingprice`,`location`,`picture`,`source`,`uploadtime`) values (32,34,'The Complete Cooking For Two Cookbook','This comprehensive cookbook takes the guesswork out of cooking for two so you can be sure that anything you want to make-from Classic Beef Stew to Lasagna to a mini batch of Fudgy Brownies or a Fluffy Yellow Layer Cake-will come out right (and perfectly proportioned) every time. ',100000,'UPS shipping',5,'Nebraska,Kaser','image/32.jpg',0,null);
insert into `Items`(`ItemID`,`category`,`item_name`,`description`,`quantity`,`shippinginfo`,`shippingprice`,`location`,`picture`,`source`,`uploadtime`) values (33,33,'Advanced Style','Advanced Style is Ari Seth Cohen''s blog-based ode to the confidence, beauty, and fashion that can only be achieved through the experience of a life lived glamorously. It is a collection of street fashion unlike any seen before-focused on the over-60 set in the world''s most stylish locales.',99990,'freeshipping',0,'New Hampshire,New Yor','image/33.jpg',0,null);
insert into `Items`(`ItemID`,`category`,`item_name`,`description`,`quantity`,`shippinginfo`,`shippingprice`,`location`,`picture`,`source`,`uploadtime`) values (34,34,'The Science of Good Cooking (Cook''s Illustrated Cookbooks)','Organized around 50 core principles our test cooks use to develop foolproof recipes, The Science of Good Cooking is a radical new approach to teaching the fundamentals of the kitchen.',100000,'freeshipping',0,'New Jersey,Cliffside','image/34.jpg',0,null);
insert into `Items`(`ItemID`,`category`,`item_name`,`description`,`quantity`,`shippinginfo`,`shippingprice`,`location`,`picture`,`source`,`uploadtime`) values (35,38,'Wipe Clean Workbook Tracing and Pen Control (Wipe Clean Workbooks)','Wipe clean workbook full of tracing and pen control exercises and activities to help prepare children aged three and over for school.',100000,'freeshipping',0,'Guam,Great','image/35.jpg',0,null);
insert into `Items`(`ItemID`,`category`,`item_name`,`description`,`quantity`,`shippinginfo`,`shippingprice`,`location`,`picture`,`source`,`uploadtime`) values (36,36,'Great Big Book of Children''s Games: Over 450 Indoor & Outdoor Games for Kids, Ages 3-14 ','Great for car trips, rainy days, and even power outages, the Great Big Book of Children''s Games is a treasury of games and activities for all occasions, every setting and every mood. You''ll find indoor games and outdoor games, party games and solo games, sidewalk games, beach games, ball games and water games. ',100000,'freeshipping',0,'Hawaii,North','image/36.jpg',0,null);
insert into `Items`(`ItemID`,`category`,`item_name`,`description`,`quantity`,`shippinginfo`,`shippingprice`,`location`,`picture`,`source`,`uploadtime`) values (37,37,'My Big Animal Book (My Big Board Books) ','This is the perfect book for kids who love animals. On the big, sturdy board pages, they''ll discover bright, bold photographs of all different kinds of animals, from pets to farm animals to birds. ',100000,'freeshipping',0,'Iowa,Cudahy','image/37.jpg',0,null);
insert into `Items`(`ItemID`,`category`,`item_name`,`description`,`quantity`,`shippinginfo`,`shippingprice`,`location`,`picture`,`source`,`uploadtime`) values (38,38,'Sticker Activity ABC (Sticker Activity Fun) ','Children will love learning the alphabet as the find the stickers, answer the questions, and color the pictures in this fun activity book! Featuring over 100 stickers.',100000,'freeshipping',0,'Idaho,Sunny','image/38.jpg',0,null);
insert into `Items`(`ItemID`,`category`,`item_name`,`description`,`quantity`,`shippinginfo`,`shippingprice`,`location`,`picture`,`source`,`uploadtime`) values (39,9,'TeckNet Nano Cordless Optical Mouse M002 2.4 GHz, Grey','"2.4GHz Wireless - A more secure and precise experience than the traditional FM radio system with an increased working distance of up to 15m
Tiny USB Nano style receiver plugs into your PC and can stay there. DPI button to select your preferred cursor speed; 2000/1500/1000dpi"',100000,'USPS',5,'Illinois,Huntington','image/39.jpg',0,null);
insert into `Items`(`ItemID`,`category`,`item_name`,`description`,`quantity`,`shippinginfo`,`shippingprice`,`location`,`picture`,`source`,`uploadtime`) values (40,4,'High Quality 3 Pcs Universal Dual USB Port Wall Charger Adapter Compatible with Iphone 6 6 Plus, 5s 5c 5 4s , Ipad Air / Mini, Samsung Galaxy S5 S4, Note 3 2 and Other USB Power Devices. (Black)','Compatible With: iPhone 6 6 Plus, 5s 5c 5 4s , iPad Air / Mini, Samsung Galaxy S5 S4, Note 3 2 and Other USB Power Devices.',100000,'USPS',1.81,'Indiana,Somerville','image/40.jpg',0,null);
insert into `Items`(`ItemID`,`category`,`item_name`,`description`,`quantity`,`shippinginfo`,`shippingprice`,`location`,`picture`,`source`,`uploadtime`) values (41,8,'HP Envy Recline 27-k350 27-Inch All-in-One Touchscreen Desktop','"4th generation Intel Core i5-4570T processor
12GB PC3-12800 DDR3L-1600 SDRAM Memory
1TB SATA 6G Solid State Hybrid Drive with 8GB SSD cache"',100000,'freeshipping',0,'Kansas,West Hollywood','image/41.jpg',0,null);
insert into `Items`(`ItemID`,`category`,`item_name`,`description`,`quantity`,`shippinginfo`,`shippingprice`,`location`,`picture`,`source`,`uploadtime`) values (42,18,'PUMA Men''s Cell Surin Cross-Training Shoe','"Synthetic Rubber sole
Cross-training shoe featuring breathable mesh panels at toe and heel, lace-up vamp, and signature Formstrips at sides
TPU shank for increased stability"',100000,'USPS',5,'Kentucky,Irvington','image/42.jpg',0,null);
insert into `Items`(`ItemID`,`category`,`item_name`,`description`,`quantity`,`shippinginfo`,`shippingprice`,`location`,`picture`,`source`,`uploadtime`) values (43,18,'Aldo Men''s Yalillan Fashion Sneaker','"Fabric/Synthetic Rubber sole
Lace-up sneaker featuring tricolor midsole and contrast quarterpanel
Made in China"',100000,'freeshipping',0,'Louisiana,Poplar Hills','image/43.jpg',0,null);
insert into `Items`(`ItemID`,`category`,`item_name`,`description`,`quantity`,`shippinginfo`,`shippingprice`,`location`,`picture`,`source`,`uploadtime`) values (44,16,'Wrangler Men''s Authentics Classic Regular Fit Jean','"100% Cotton Machine Wash
Classic straight-leg jean featuring five-pocket styling and logo patch at back waist
Embroidered back pockets
Made in Mexico"',100000,'freeshipping',0,'Massachusetts,Paterson','image/44.jpg',0,null);
insert into `Items`(`ItemID`,`category`,`item_name`,`description`,`quantity`,`shippinginfo`,`shippingprice`,`location`,`picture`,`source`,`uploadtime`) values (45,17,'Hanes Men''s 4 Pack Long Sleeve Comfortsoft T-Shirt','"100% Cotton Machine Wash
Mid Weight cotton
5.2 ounce preshrunk jersey knit
Tag-free neck label"',100000,'USPS',5,'Maryland,San Francisco','image/45.jpg',0,null);
insert into `Items`(`ItemID`,`category`,`item_name`,`description`,`quantity`,`shippinginfo`,`shippingprice`,`location`,`picture`,`source`,`uploadtime`) values (46,3,'Nokia 106 with Telcel Original Carrier (Now Factory Unlocked)','"Very easy to use and extremely reliable handset
Phones is factory unlocked and can be used with other operators
This Nokia 106 works on GSM 850/1900 bands"',100000,'freeshipping',0,'Maine,Sweetwater','image/46.jpg',0,null);
insert into `Items`(`ItemID`,`category`,`item_name`,`description`,`quantity`,`shippinginfo`,`shippingprice`,`location`,`picture`,`source`,`uploadtime`) values (47,4,'Car Mount, AVANTEK Universal Cell Phone Air Vent Car Mount Holder Cradle for iPhone 6 / 6 Plus / 5S / 5C / 4S, Samsung Galaxy S6 / S6 Edge / S5 / S4 / S3 / Note 4 / 3, Google Nexus 5 / 4, LG G4, Nokia, Xperia, Moto, HTC and More','"Can be easily attached to any vertical or horizontal air vent blades in cars by rotating the two adjustable clips
Equipped with a spring-loaded arm that firmly holds various devices up to 8.5 cm (3.35 in) in width"',99990,'UPS',3.45,'Marshall Islands,Bell Gardens','image/47.jpg',0,null);
insert into `Items`(`ItemID`,`category`,`item_name`,`description`,`quantity`,`shippinginfo`,`shippingprice`,`location`,`picture`,`source`,`uploadtime`) values (48,14,'Ellie Shoes Women''s 254 Lucille Dress Sandal','"Satin leather-and-rubber sole
Stacked heel"',100000,'freeshipping',0,'Michigan,Millbourne','image/48.jpg',0,null);
insert into `Items`(`ItemID`,`category`,`item_name`,`description`,`quantity`,`shippinginfo`,`shippingprice`,`location`,`picture`,`source`,`uploadtime`) values (49,14,'Roxy Women''s REDDING BOOT Winter Boot','"PU TPR sole
Shaft measures approximately 6.5"" from arch
Heel measures approximately 1"""',100000,'Fedex',6,'Minnesota,East Orange','image/49.jpg',0,null);
insert into `Items`(`ItemID`,`category`,`item_name`,`description`,`quantity`,`shippinginfo`,`shippingprice`,`location`,`picture`,`source`,`uploadtime`) values (50,12,'Lucky Brand Women''s Sofia Skinny Jean In Cobalt Blue','"78% Cotton/20% Polyester/2% Spandex Button closure
Machine Wash
Curvy thru the hips and thighs
Skinny leg"',100000,'freeshipping',0,'Missouri,Central Falls','image/50.jpg',0,null);
insert into `Items`(`ItemID`,`category`,`item_name`,`description`,`quantity`,`shippinginfo`,`shippingprice`,`location`,`picture`,`source`,`uploadtime`) values (51,3,'Iphone 6s','the most popular smartphone produced by Apple.  ',1,'freeshipping',0,'Indiana ,Indianapolis','image/51.jpg',1,null);
insert into `Items`(`ItemID`,`category`,`item_name`,`description`,`quantity`,`shippinginfo`,`shippingprice`,`location`,`picture`,`source`,`uploadtime`) values (52,3,'Iphone 6s plus,  New York','the most popular smartphone produced by Apple with larger size and battery charger.',1,'freeshipping',0,'Missouri ,Jefferson City','image/52.jpg',1,null);
insert into `Items`(`ItemID`,`category`,`item_name`,`description`,`quantity`,`shippinginfo`,`shippingprice`,`location`,`picture`,`source`,`uploadtime`) values (53,3,' NOTE 3 STYLE 5.7, 3G android system.','3. Note 3 style 5.7,    New York,   476,  ',1,'UPS one-day shipping',3.99,'South Dakota ,Pierre','image/53.jpg',1,null);
insert into `Items`(`ItemID`,`category`,`item_name`,`description`,`quantity`,`shippinginfo`,`shippingprice`,`location`,`picture`,`source`,`uploadtime`) values (54,3,' DetroitSamsung Galaxy S6','5.1-inch Super AMOLED Curved Edge, Multi-Touchscreen w/ Fingerprint sensor, Samsung Pay and Protective Corning Gorilla Glass 4',1,'freeshipping',0,'Illinois ,Springfield','image/54.jpg',1,null);
insert into `Items`(`ItemID`,`category`,`item_name`,`description`,`quantity`,`shippinginfo`,`shippingprice`,`location`,`picture`,`source`,`uploadtime`) values (55,4,' KMASHI 10000mAh External Battery','Ultra-high density battery cells make this compact 10000mAh external battery. Use a 5V adapter (not included) for fastest charging',1,'freeshipping',0,'Mississippi ,Jackson','image/55.jpg',1,null);
insert into `Items`(`ItemID`,`category`,`item_name`,`description`,`quantity`,`shippinginfo`,`shippingprice`,`location`,`picture`,`source`,`uploadtime`) values (56,4,'TaoTronic Bluetooth Headphones  ','Two powerful audio drivers on each side offering balanced audio and crystal clear sounds, providing a comfortable and dynamic listening experience. ',1,'USPS standard shipping',4.99,'South Carolina ,Columbia','image/56.jpg',1,null);
insert into `Items`(`ItemID`,`category`,`item_name`,`description`,`quantity`,`shippinginfo`,`shippingprice`,`location`,`picture`,`source`,`uploadtime`) values (57,4,'LifeProof FRE iPhone 6 ONLY Case','This product was designed for iPhone 6 ONLY and is not compatible with other devices, also not compatible with 30-pin to Lightning Adapters or the majority of non-Apple branded USB to Lightning cables  ',1,'freeshipping',0,'California ,Sacramento','image/57.jpg',1,null);
insert into `Items`(`ItemID`,`category`,`item_name`,`description`,`quantity`,`shippinginfo`,`shippingprice`,`location`,`picture`,`source`,`uploadtime`) values (58,4,'iPod 5 6 Waterproof Case',' It''s special designed case for iPod Touch 6th 5th Generation, and compatible with Apple iPod Touch 5th(2012 released), and also compatible with iPod Touch 6th (2015 release). Accessible to all buttons, connectors, speakers and camera.',1,'UPS two-day shipping',15.49,'New York ,Albany','image/58.jpg',1,null);
insert into `Items`(`ItemID`,`category`,`item_name`,`description`,`quantity`,`shippinginfo`,`shippingprice`,`location`,`picture`,`source`,`uploadtime`) values (59,6,'Acer Chromebook','11.6-Inch, CB3-111-C670 (Intel Celeron, 2GB, 16GB SSD, White',1,'freeshipping',0,'Virginia ,Richmond','image/59.jpg',1,null);
insert into `Items`(`ItemID`,`category`,`item_name`,`description`,`quantity`,`shippinginfo`,`shippingprice`,`location`,`picture`,`source`,`uploadtime`) values (60,6,'Toshiba Satellite C55-B5240X',' Intel Celeron N2840 2.16 GHz 4 GB DDR3L SDRAM 500 GB 5400 rpm Hard Drive 15.6-Inch Screen, Mobile Intel HD graphics Windows 10',1,'freeshipping',0,'Iowa ,Des Moines','image/60.jpg',1,null);
insert into `Items`(`ItemID`,`category`,`item_name`,`description`,`quantity`,`shippinginfo`,`shippingprice`,`location`,`picture`,`source`,`uploadtime`) values (61,7,'Kindle Paperwhite','With twice as many pixels as the previous generation, the all-new Kindle Paperwhite has an improved high-resolution 300 ppi display for crisp, laser quality text. No other e-reader offers a higher resolution display.',1,'freeshipping',0,'Montana ,Helena','image/61.jpg',1,null);
insert into `Items`(`ItemID`,`category`,`item_name`,`description`,`quantity`,`shippinginfo`,`shippingprice`,`location`,`picture`,`source`,`uploadtime`) values (62,7,'Samsung Galaxy Tab 4  ','Android 4.4 Kit Kat OS, 1.2 GHz quad-core processor 8 GB Flash Memory, 1.5 GB RAM Memory WXGA Display (1280x800 Resolution)',1,'Fedex',5,'Tennessee ,Nashville','image/62.jpg',1,null);
insert into `Items`(`ItemID`,`category`,`item_name`,`description`,`quantity`,`shippinginfo`,`shippingprice`,`location`,`picture`,`source`,`uploadtime`) values (63,7,'MH182LL/A iPad Air',' Apple iOS 8; 9.7-Inch Retina Display; 2048x1536 Resolution A8X Chip with 64-bit Architecture; M8 Motion Coprocessor Wi-Fi (802.11a/b/g/n/ac) 64 GB Capacity, 2 GB RAM.',1,'freeshipping',0,'Colorado ,Denver','image/63.jpg',1,null);
insert into `Items`(`ItemID`,`category`,`item_name`,`description`,`quantity`,`shippinginfo`,`shippingprice`,`location`,`picture`,`source`,`uploadtime`) values (64,8,'ASUS M32AD Desktop, ',' intel Core i3-4170 Dual-Core 3.7GHz processor 8GB DDR3; 1TB HDD Intel Integrated 4400 HD Graphics',1,'freeshipping',0,'North Carolina ,Raleigh','image/64.jpg',1,null);
insert into `Items`(`ItemID`,`category`,`item_name`,`description`,`quantity`,`shippinginfo`,`shippingprice`,`location`,`picture`,`source`,`uploadtime`) values (65,8,'Apple Mac Mini MGEN2LL',' 2.6GHz dual-core Intel Core i5 1TB (5400-rpm) hard drive 8GB of 1600MHz LPDDR3 memory Intel Iris Graphics',1,'USPS starndard shipping',5,'Washington ,Olympia','image/65.jpg',1,null);
insert into `Items`(`ItemID`,`category`,`item_name`,`description`,`quantity`,`shippinginfo`,`shippingprice`,`location`,`picture`,`source`,`uploadtime`) values (66,8,' CyberpowerPC Gamer Ultra GUA880','System: AMD FX-4300 3.80GHZ Quad-Core | AMD 760G Chipset | 8GB DDR3 | 1TB HDD | Genuine Windows 10 Home 64-bit',1,'freeshipping',0,'Connecticut ,Hartford','image/66.jpg',1,null);
insert into `Items`(`ItemID`,`category`,`item_name`,`description`,`quantity`,`shippinginfo`,`shippingprice`,`location`,`picture`,`source`,`uploadtime`) values (67,9,'New For Dell Latitude E6410 E6510 US Keyboard Backlit Laptop Parts','New:?A brand-new, unused, unopened, undamaged item in its original packaging (where packaging is?applicable). Packaging should be the same as what is found in a retail store, unless the item is handmade or was packaged by the manufacturer in non-retail packaging, such as an unprinted box or plastic bag. See the seller''s listing for full details',1,'UPS standard shipping',3,'Kansas ,Topeka','image/67.jpg',1,null);
insert into `Items`(`ItemID`,`category`,`item_name`,`description`,`quantity`,`shippinginfo`,`shippingprice`,`location`,`picture`,`source`,`uploadtime`) values (68,9,'Part Model No. PA5109U-1BRS Battery For Toshiba Satellite C50-A C50D-A Laptop','?A brand-new, unused, unopened, undamaged item in its original packaging (where packaging is?applicable). Packaging should be the same as what is found in a retail store, unless the item is handmade or was packaged by the manufacturer in non-retail packaging, such as an unprinted box or plastic bag. See the seller''s listing for full details',1,'freeshipping',0,'Nebraska ,Lincoln','image/68.jpg',1,null);
insert into `Items`(`ItemID`,`category`,`item_name`,`description`,`quantity`,`shippinginfo`,`shippingprice`,`location`,`picture`,`source`,`uploadtime`) values (69,16,'Levi''s Men''s 511 Slim Fit Jea,  Trenton,     39,   ',' Slim-fitting jean with zipper fly and slightly tapered leg 14.5-inch leg opening',1,'Fedex',10,'North Dakota ,Bismarck','image/69.jpg',1,null);
insert into `Items`(`ItemID`,`category`,`item_name`,`description`,`quantity`,`shippinginfo`,`shippingprice`,`location`,`picture`,`source`,`uploadtime`) values (70,16,'Lacoste Men''s 3-Pack Essentials Cotton Knit Boxer ','100% Supima Cotton   Machine Wash Luxuriously soft Supima Cotton bottom.',1,'fedex',15.49,'West Virginia ,Charleston','image/70.jpg',1,null);
insert into `Items`(`ItemID`,`category`,`item_name`,`description`,`quantity`,`shippinginfo`,`shippingprice`,`location`,`picture`,`source`,`uploadtime`) values (71,17,'Lacoste Men''s Short Sleeve Stretch Pima Pique Striped Regular Fit Polo Shirt','96% Cotton/4% Elastane   Button closure Machine Wash Pique stripe polo Stretch pima pique Regular fit.',1,'freeshipping',0,'Alaska ,Juneau','image/71.jpg',1,null);
insert into `Items`(`ItemID`,`category`,`item_name`,`description`,`quantity`,`shippinginfo`,`shippingprice`,`location`,`picture`,`source`,`uploadtime`) values (72,17,'Lacoste Men''s Long Sleeve Jersey Pima Regular Fit V Neck T-Shirt','100% Cotton   Machine Wash Long-sleeve tee featuring V-neckline and signature croc logo embroidery Made in Peru',1,'USPS',20,'New Hampshire ,Concord','image/72.jpg',1,null);
insert into `Items`(`ItemID`,`category`,`item_name`,`description`,`quantity`,`shippinginfo`,`shippingprice`,`location`,`picture`,`source`,`uploadtime`) values (73,18,'Lacoste Men''s Giron Snm Fashion Sneaker',' Leather   Rubber sole Low-top fashion sneaker with perforated leather upper featuring Lacoste croc applique at side Made in Vietnam',1,'freeshipping',0,'Texas ,Austin','image/73.jpg',1,null);
insert into `Items`(`ItemID`,`category`,`item_name`,`description`,`quantity`,`shippinginfo`,`shippingprice`,`location`,`picture`,`source`,`uploadtime`) values (74,18,'Aldo Men''s Prearia Winter Boot','Leather and Textile   Rubber sole Shaft measures approximately 6" from arch knitted collar Made in China',1,'freeshipping',0,'Delaware ,Dover','image/74.jpg',1,null);
insert into `Items`(`ItemID`,`category`,`item_name`,`description`,`quantity`,`shippinginfo`,`shippingprice`,`location`,`picture`,`source`,`uploadtime`) values (75,12,'Lacoste Women''s Short Sleeve Stretch Pima Pique Striped Regular Fit Polo Shirt','  96% Cotton/4% Elastane   Button closure Machine Wash Pique stripe polo Stretch pima pique Regular fit.',1,'UPS one-day shipping',20,'Kentucky ,Frankfort','image/75.jpg',1,null);
insert into `Items`(`ItemID`,`category`,`item_name`,`description`,`quantity`,`shippinginfo`,`shippingprice`,`location`,`picture`,`source`,`uploadtime`) values (76,12,'Lacoste Women''s Long Sleeve Jersey Pima Regular Fit V Neck T-Shirt','100% Cotton   Machine Wash Long-sleeve tee featuring V-neckline and signature croc logo embroidery Made in Peru',1,'freeshipping',0,'Ohio ,Columbus','image/76.jpg',1,null);
insert into `Items`(`ItemID`,`category`,`item_name`,`description`,`quantity`,`shippinginfo`,`shippingprice`,`location`,`picture`,`source`,`uploadtime`) values (77,13,'GUESS Women''s Faux-Fur Collared Long Coat','Woven long coat. Notch lapel. Long sleeves with zippered cuffs.Removable faux-fur collar. Removable belt. Hip pockets. Front snap button closure. Lined. 59% Wool, 41% Polyester. Lining: 82% Polyester, 18% Cotton.',1,'UPS standard shipping',5.99,'Wisconsin ,Madison','image/77.jpg',1,null);
insert into `Items`(`ItemID`,`category`,`item_name`,`description`,`quantity`,`shippinginfo`,`shippingprice`,`location`,`picture`,`source`,`uploadtime`) values (78,13,'Anne Klein Women''s Classic Double-Breasted Coat','100% Polyester   Dry Clean Only  Double-breasted coat featuring slant pockets and oversized notched lapels',1,'freeshipping',0,'Florida ,Tallahassee','image/78.jpg',1,null);
insert into `Items`(`ItemID`,`category`,`item_name`,`description`,`quantity`,`shippinginfo`,`shippingprice`,`location`,`picture`,`source`,`uploadtime`) values (79,14,'PUMA Women''s Pulse XT Geo Cross-Training Shoe',' Lightweight trainer featuring breathable mesh upper with no-sew overlays Ariaprene bootie construction Padded tongue and collar',1,'freeshipping',0,'Louisiana ,Baton Rouge','image/79.jpg',1,null);
insert into `Items`(`ItemID`,`category`,`item_name`,`description`,`quantity`,`shippinginfo`,`shippingprice`,`location`,`picture`,`source`,`uploadtime`) values (80,14,'Jessica Simpson Women''s Sampson Wedge Pump',' Heel measures approximately 2.5" Synthetic upper Approx 2.5 inch heel.',1,'freeshipping',0,'Nevada ,Carson City','image/80.jpg',1,null);
insert into `Items`(`ItemID`,`category`,`item_name`,`description`,`quantity`,`shippinginfo`,`shippingprice`,`location`,`picture`,`source`,`uploadtime`) values (81,21,'Danby Designer 0.7 cu.ft. Countertop Microwave',' 0.7 cu.ft. capacity microwave 700 watts of cooking power Stylish black and stainless steel exterior',1,'freeshipping',0,'Oklahoma ,Oklahoma City','image/81.jpg',1,null);
insert into `Items`(`ItemID`,`category`,`item_name`,`description`,`quantity`,`shippinginfo`,`shippingprice`,`location`,`picture`,`source`,`uploadtime`) values (82,21,'Westinghouse WM009 900W Counter Top Microwave Oven','Black front and cabinet with Stainless Steel on the front Push button touch controls with blue LED display with a digital clock and timer 10 microwave power levels  ',1,'UPS shipping',5,'Wyoming ,Cheyenne','image/82.jpg',1,null);
insert into `Items`(`ItemID`,`category`,`item_name`,`description`,`quantity`,`shippinginfo`,`shippingprice`,`location`,`picture`,`source`,`uploadtime`) values (83,22,'Samsung RF28HFEDBSR Energy Star','Premium external filtered water & ice dispenser, plus Icemaster icemaker in fridge',1,'freeshipping',0,'Georgia ,Atlanta','image/83.jpg',1,null);
insert into `Items`(`ItemID`,`category`,`item_name`,`description`,`quantity`,`shippinginfo`,`shippingprice`,`location`,`picture`,`source`,`uploadtime`) values (84,22,'RCA- Igloo RFR115-160','Green Mini Fridge with Silver Trim - 1.6 Cu Ft Capacity Space Saving Flush Back Design',1,'freeshipping',0,'Maine ,Augusta','image/84.jpg',1,null);
insert into `Items`(`ItemID`,`category`,`item_name`,`description`,`quantity`,`shippinginfo`,`shippingprice`,`location`,`picture`,`source`,`uploadtime`) values (85,23,'Waring SB30 1300-Watt Portable Single Burner',' Durable cast-iron plate heats up quickly and ensures stable heat retention Adjustable thermostat; "on" and "ready" indicator lights.',1,'freeshipping',0,'Massachusetts ,Boston','image/85.jpg',1,null);
insert into `Items`(`ItemID`,`category`,`item_name`,`description`,`quantity`,`shippinginfo`,`shippingprice`,`location`,`picture`,`source`,`uploadtime`) values (86,23,'IMUSA USA GAU-80306 1500W Electric Double Burner','This Double Burner is Small and Compact Perfect for Travel Can Be Used for Cooking Outdoors or in the Office.',1,'freeshipping',0,'Oregon ,Salem','image/86.jpg',1,null);
insert into `Items`(`ItemID`,`category`,`item_name`,`description`,`quantity`,`shippinginfo`,`shippingprice`,`location`,`picture`,`source`,`uploadtime`) values (87,26,'Frigidaire FRA052XT7 5,000-BTU Mini Window Air Conditioner',' Window panels fit windows between 23-36". Windows smaller than 23" cannot use the panels.',1,'freeshipping',0,'New York','image/87.jpg',1,null);
insert into `Items`(`ItemID`,`category`,`item_name`,`description`,`quantity`,`shippinginfo`,`shippingprice`,`location`,`picture`,`source`,`uploadtime`) values (88,26,'SPT SF-609 Portable Evaporative Air Cooler','Remote Control 10L water tank capacity Nylon and Photocatalystic filter 3 fan speeds, Ionizer to Purify Air.',1,'freeshipping',0,'Alabama ,Montgomery','image/88.jpg',1,null);
insert into `Items`(`ItemID`,`category`,`item_name`,`description`,`quantity`,`shippinginfo`,`shippingprice`,`location`,`picture`,`source`,`uploadtime`) values (89,25,'TVizio E24-C1 24-Inches 1080p Smart LED TV','Easy to Use Smart TV w/ built-in Wi-Fi 1080p Full HD - over 2 million pixels for crystal-clear pictures Edge-Lit Razor LED Backlight.',1,'USPS',5,'Arkansas ,Little Rock','image/89.jpg',1,null);
insert into `Items`(`ItemID`,`category`,`item_name`,`description`,`quantity`,`shippinginfo`,`shippingprice`,`location`,`picture`,`source`,`uploadtime`) values (90,25,'TCL 32D2700 32-Inch 720p 60Hz LED TV (2015 Model)','  Dimensions (W x H x D): TV without stand: 29" x 18.7" x 3.2'''', TV with stand: 29" x 17" x 7.8''''.',1,'USPS',1.81,'New Mexico ,Santa Fe','image/90.jpg',1,null);
insert into `Items`(`ItemID`,`category`,`item_name`,`description`,`quantity`,`shippinginfo`,`shippingprice`,`location`,`picture`,`source`,`uploadtime`) values (91,29,'Campbell Biology (9th Edition)','Campbell BIOLOGY is the unsurpassed leader in introductory biology. The text''s hallmark values-accuracy, currency, and passion for teaching and learning-have made it the most successful college introductory biology book for eight consecutive editions.',1,'freeshipping',0,'Vermont ,Montpelier','image/91.jpg',1,null);
insert into `Items`(`ItemID`,`category`,`item_name`,`description`,`quantity`,`shippinginfo`,`shippingprice`,`location`,`picture`,`source`,`uploadtime`) values (92,29,'Psychology, 10th Edition',' David Myers'' bestselling Psychology has reached a wider audience of students and instructors with each new edition. Myers and his team lead the field in being attuned to psychology''s research and the needs of the instructors and students in the course today. Ten million student class testers and thousands of adopting instructors can attest to the quality of this project. True to form, this landmark new Tenth Edition is another vigorous, deeply considered revision.',1,'USPS',5,'Hawaii ,Honolulu','image/92.jpg',1,null);
insert into `Items`(`ItemID`,`category`,`item_name`,`description`,`quantity`,`shippinginfo`,`shippingprice`,`location`,`picture`,`source`,`uploadtime`) values (93,30,'Computer Security','A comprehensive and practical text and the perfect starting point for this subject.',1,'freeshipping',0,'Maryland ,Annapolis','image/93.jpg',1,null);
insert into `Items`(`ItemID`,`category`,`item_name`,`description`,`quantity`,`shippinginfo`,`shippingprice`,`location`,`picture`,`source`,`uploadtime`) values (94,30,'Processes and Techniques','Requirements Engineering Processes and Techniques Why this book was written The value of introducing requirements engineering to trainee software engineers is to equip them for the real world of software and systems development. ',1,'freeshipping',0,'Michigan ,Lansing','image/94.jpg',1,null);
insert into `Items`(`ItemID`,`category`,`item_name`,`description`,`quantity`,`shippinginfo`,`shippingprice`,`location`,`picture`,`source`,`uploadtime`) values (95,34,'Fine Cooking Magzine December 2012 January 2013','Fine Cooking Magzine December 2012 January 2013 Single Issue Magazine',1,'USPS',5,'Pennsylvania ,Harrisburg','image/95.jpg',1,null);
insert into `Items`(`ItemID`,`category`,`item_name`,`description`,`quantity`,`shippinginfo`,`shippingprice`,`location`,`picture`,`source`,`uploadtime`) values (96,34,'Every Day with Rachael Ray','Choose from over 50 best-selling magazines including Road & Track, Bon Appetit, Wired, Cosmopolitan, and more',1,'freeshipping',0,'DC','image/96.jpg',1,null);
insert into `Items`(`ItemID`,`category`,`item_name`,`description`,`quantity`,`shippinginfo`,`shippingprice`,`location`,`picture`,`source`,`uploadtime`) values (97,36,'Variety Puzzles and Games-Vol.30',' Enjoy hours of challenging fun-to-do puzzles with Kappa''s Variety Puzzles and Games. An assortment of fun for EVERYONE! Kappa Books - #1 in Puzzle Books!',1,'UPS',3.45,'Arizona ,Phoenix','image/97.jpg',1,null);
insert into `Items`(`ItemID`,`category`,`item_name`,`description`,`quantity`,`shippinginfo`,`shippingprice`,`location`,`picture`,`source`,`uploadtime`) values (98,37,'National Geographic Animal Encyclopedia','This first book in a hilarious new adventure series is for anyone who''s struggled to be noticed in a sea of above-average overachievers',1,'freeshipping',0,'New Jersey ,Trenton','image/98.jpg',1,null);
insert into `Items`(`ItemID`,`category`,`item_name`,`description`,`quantity`,`shippinginfo`,`shippingprice`,`location`,`picture`,`source`,`uploadtime`) values (99,38,'Brighter Child Early Learning','324 flash cards with vibrant images to stimulate visual learning 6 subjects, with 54 flash cards each with answers on the back of each card.',1,'Fedex',6,'Utah ,Salt Lake City','image/99.jpg',1,null);
insert into `Items`(`ItemID`,`category`,`item_name`,`description`,`quantity`,`shippinginfo`,`shippingprice`,`location`,`picture`,`source`,`uploadtime`) values (100,12,'Lacoste Women''s Long Sleeve Jersey Pima V Neck T-Shirt','90% Cotton   Machine Wash Long-sleeve tee featuring V-neckline and signature croc logo embroidery Made in Peru',1,'freeshipping',0,'Idaho ,Boise','image/100.jpg',1,null);
insert into `Items`(`ItemID`,`category`,`item_name`,`description`,`quantity`,`shippinginfo`,`shippingprice`,`location`,`picture`,`source`,`uploadtime`) values (101,3,'xxxxxxxxxxxxxxxxxx','ssss',98,'USPS three days',9,'State college, PA','image/101.jpg',1,'2015-12-08 11:46:44');
insert into `Items`(`ItemID`,`category`,`item_name`,`description`,`quantity`,`shippinginfo`,`shippingprice`,`location`,`picture`,`source`,`uploadtime`) values (102,0,'aaaaa','ssssssss',93,'USPS three days',0,'State college, PA','image/102.jpg',1,'2015-12-08 19:09:29');
insert into `Items`(`ItemID`,`category`,`item_name`,`description`,`quantity`,`shippinginfo`,`shippingprice`,`location`,`picture`,`source`,`uploadtime`) values (103,2,'old phones','old phones, work well.',99,'USPS three days',4,'State college, PA','image/103.jpg',1,'2015-12-08 20:19:20');
insert into `Items`(`ItemID`,`category`,`item_name`,`description`,`quantity`,`shippinginfo`,`shippingprice`,`location`,`picture`,`source`,`uploadtime`) values (104,0,'old smart phone','very old, but works well.',1,'UPS 4 days',0,'State college, PA','image/104.jpg',1,'2015-12-08 20:23:00');
insert into `Items`(`ItemID`,`category`,`item_name`,`description`,`quantity`,`shippinginfo`,`shippingprice`,`location`,`picture`,`source`,`uploadtime`) values (105,0,'aaaaa','sdfsdfsdfsdfsdfsdfdsfds',100,'UPS 4 days',0,'State college, PA','image/105.jpg',1,'2015-12-08 20:28:08');
insert into `Items`(`ItemID`,`category`,`item_name`,`description`,`quantity`,`shippinginfo`,`shippingprice`,`location`,`picture`,`source`,`uploadtime`) values (106,1,'abcabc','abcabc',1,'UPS 4 days',10,'State college, PA','image/106.jpg',1,'2015-12-09 08:30:22');
insert into `Items`(`ItemID`,`category`,`item_name`,`description`,`quantity`,`shippinginfo`,`shippingprice`,`location`,`picture`,`source`,`uploadtime`) values (107,2,'abcabcabc','aaaa',1,'111',10,'sc','image/107.jpg',1,'2015-12-09 08:33:38');
insert into `Items`(`ItemID`,`category`,`item_name`,`description`,`quantity`,`shippinginfo`,`shippingprice`,`location`,`picture`,`source`,`uploadtime`) values (108,0,'kimikimikimikimi','sadfdsafds',1,'UPS 4 days',0,'State college, PA','image/108.jpg',1,'2015-12-09 11:22:09');
insert into `Items`(`ItemID`,`category`,`item_name`,`description`,`quantity`,`shippinginfo`,`shippingprice`,`location`,`picture`,`source`,`uploadtime`) values (109,0,'kkkkkkkk','sdfsdf',1,'UPS 4 days',2.95,'State college, PA','image/109.jpg',1,'2015-12-09 11:51:10');
insert into `Items`(`ItemID`,`category`,`item_name`,`description`,`quantity`,`shippinginfo`,`shippingprice`,`location`,`picture`,`source`,`uploadtime`) values (110,2,'xxxxxxxxxxxxxxxxxx','asdasdsasa',100,'USPS three days',2.95,'State college, PA','image/110.jpg',1,'2015-12-10 12:04:09');
insert into `Items`(`ItemID`,`category`,`item_name`,`description`,`quantity`,`shippinginfo`,`shippingprice`,`location`,`picture`,`source`,`uploadtime`) values (111,3,'zzzzzzzzzzzzzzzzzzzzzzzzzzzz','asdasdadsasdasd',1,'UPS 4 days',0,'State college, PA','image/111.jpg',1,'2015-12-10 12:05:07');
insert into `Items`(`ItemID`,`category`,`item_name`,`description`,`quantity`,`shippinginfo`,`shippingprice`,`location`,`picture`,`source`,`uploadtime`) values (112,2,'Leslie','verygod',1,'100.00',0,'State college, PA','image/112.jpg',1,'2015-12-11 07:42:00');
insert into `Items`(`ItemID`,`category`,`item_name`,`description`,`quantity`,`shippinginfo`,`shippingprice`,`location`,`picture`,`source`,`uploadtime`) values (113,0,'Leslie1','dddddd',1,'UPS 4 days',0,'State college, PA','image/113.jpg',1,'2015-12-11 07:43:23');
insert into `Items`(`ItemID`,`category`,`item_name`,`description`,`quantity`,`shippinginfo`,`shippingprice`,`location`,`picture`,`source`,`uploadtime`) values (114,1,'Two Cats','kfdjlkdsjlfs',1,'3920432',40,'Penn State','image/114.jpg',1,'2015-12-11 08:28:48');

insert into `Sale_items`(`ItemID`,`saleitemsource`,`price`,`supplierid`,`sellerid`,`soldquantity`) values (1,0,659,1,0,0);
insert into `Sale_items`(`ItemID`,`saleitemsource`,`price`,`supplierid`,`sellerid`,`soldquantity`) values (2,0,20.99,2,0,0);
insert into `Sale_items`(`ItemID`,`saleitemsource`,`price`,`supplierid`,`sellerid`,`soldquantity`) values (3,0,589.99,3,0,0);
insert into `Sale_items`(`ItemID`,`saleitemsource`,`price`,`supplierid`,`sellerid`,`soldquantity`) values (4,0,6.99,4,0,0);
insert into `Sale_items`(`ItemID`,`saleitemsource`,`price`,`supplierid`,`sellerid`,`soldquantity`) values (5,0,849.99,5,0,1);
insert into `Sale_items`(`ItemID`,`saleitemsource`,`price`,`supplierid`,`sellerid`,`soldquantity`) values (6,0,449.99,6,0,0);
insert into `Sale_items`(`ItemID`,`saleitemsource`,`price`,`supplierid`,`sellerid`,`soldquantity`) values (7,0,227.99,7,0,0);
insert into `Sale_items`(`ItemID`,`saleitemsource`,`price`,`supplierid`,`sellerid`,`soldquantity`) values (8,0,354.99,8,0,0);
insert into `Sale_items`(`ItemID`,`saleitemsource`,`price`,`supplierid`,`sellerid`,`soldquantity`) values (9,0,150,9,0,0);
insert into `Sale_items`(`ItemID`,`saleitemsource`,`price`,`supplierid`,`sellerid`,`soldquantity`) values (10,0,299,10,0,100);
insert into `Sale_items`(`ItemID`,`saleitemsource`,`price`,`supplierid`,`sellerid`,`soldquantity`) values (11,0,63.62,11,0,100);
insert into `Sale_items`(`ItemID`,`saleitemsource`,`price`,`supplierid`,`sellerid`,`soldquantity`) values (12,0,29.99,12,0,13);
insert into `Sale_items`(`ItemID`,`saleitemsource`,`price`,`supplierid`,`sellerid`,`soldquantity`) values (13,0,109.99,13,0,0);
insert into `Sale_items`(`ItemID`,`saleitemsource`,`price`,`supplierid`,`sellerid`,`soldquantity`) values (14,0,99,14,0,0);
insert into `Sale_items`(`ItemID`,`saleitemsource`,`price`,`supplierid`,`sellerid`,`soldquantity`) values (15,0,7.99,15,0,0);
insert into `Sale_items`(`ItemID`,`saleitemsource`,`price`,`supplierid`,`sellerid`,`soldquantity`) values (16,0,36.99,16,0,0);
insert into `Sale_items`(`ItemID`,`saleitemsource`,`price`,`supplierid`,`sellerid`,`soldquantity`) values (17,0,10.36,17,0,0);
insert into `Sale_items`(`ItemID`,`saleitemsource`,`price`,`supplierid`,`sellerid`,`soldquantity`) values (18,0,68.99,18,0,0);
insert into `Sale_items`(`ItemID`,`saleitemsource`,`price`,`supplierid`,`sellerid`,`soldquantity`) values (19,0,144.98,19,0,0);
insert into `Sale_items`(`ItemID`,`saleitemsource`,`price`,`supplierid`,`sellerid`,`soldquantity`) values (20,0,84.99,20,0,0);
insert into `Sale_items`(`ItemID`,`saleitemsource`,`price`,`supplierid`,`sellerid`,`soldquantity`) values (21,0,69.98,21,0,0);
insert into `Sale_items`(`ItemID`,`saleitemsource`,`price`,`supplierid`,`sellerid`,`soldquantity`) values (22,0,92.65,22,0,0);
insert into `Sale_items`(`ItemID`,`saleitemsource`,`price`,`supplierid`,`sellerid`,`soldquantity`) values (23,0,11.99,23,0,0);
insert into `Sale_items`(`ItemID`,`saleitemsource`,`price`,`supplierid`,`sellerid`,`soldquantity`) values (24,0,197.36,24,0,0);
insert into `Sale_items`(`ItemID`,`saleitemsource`,`price`,`supplierid`,`sellerid`,`soldquantity`) values (25,0,448,25,0,0);
insert into `Sale_items`(`ItemID`,`saleitemsource`,`price`,`supplierid`,`sellerid`,`soldquantity`) values (26,0,400,26,0,0);
insert into `Sale_items`(`ItemID`,`saleitemsource`,`price`,`supplierid`,`sellerid`,`soldquantity`) values (27,0,17.69,27,0,0);
insert into `Sale_items`(`ItemID`,`saleitemsource`,`price`,`supplierid`,`sellerid`,`soldquantity`) values (28,0,29.48,28,0,0);
insert into `Sale_items`(`ItemID`,`saleitemsource`,`price`,`supplierid`,`sellerid`,`soldquantity`) values (29,0,9.96,29,0,0);
insert into `Sale_items`(`ItemID`,`saleitemsource`,`price`,`supplierid`,`sellerid`,`soldquantity`) values (30,0,65.33,30,0,0);
insert into `Sale_items`(`ItemID`,`saleitemsource`,`price`,`supplierid`,`sellerid`,`soldquantity`) values (31,0,118.36,31,0,0);
insert into `Sale_items`(`ItemID`,`saleitemsource`,`price`,`supplierid`,`sellerid`,`soldquantity`) values (32,0,20.88,32,0,0);
insert into `Sale_items`(`ItemID`,`saleitemsource`,`price`,`supplierid`,`sellerid`,`soldquantity`) values (33,0,21.41,33,0,54);
insert into `Sale_items`(`ItemID`,`saleitemsource`,`price`,`supplierid`,`sellerid`,`soldquantity`) values (34,0,21.09,34,0,0);
insert into `Sale_items`(`ItemID`,`saleitemsource`,`price`,`supplierid`,`sellerid`,`soldquantity`) values (35,0,5.51,35,0,0);
insert into `Sale_items`(`ItemID`,`saleitemsource`,`price`,`supplierid`,`sellerid`,`soldquantity`) values (36,0,12.87,36,0,0);
insert into `Sale_items`(`ItemID`,`saleitemsource`,`price`,`supplierid`,`sellerid`,`soldquantity`) values (37,0,6.11,37,0,0);
insert into `Sale_items`(`ItemID`,`saleitemsource`,`price`,`supplierid`,`sellerid`,`soldquantity`) values (38,0,2.46,38,0,0);
insert into `Sale_items`(`ItemID`,`saleitemsource`,`price`,`supplierid`,`sellerid`,`soldquantity`) values (39,0,9.97,39,0,0);
insert into `Sale_items`(`ItemID`,`saleitemsource`,`price`,`supplierid`,`sellerid`,`soldquantity`) values (40,0,7.99,7,0,0);
insert into `Sale_items`(`ItemID`,`saleitemsource`,`price`,`supplierid`,`sellerid`,`soldquantity`) values (41,0,1304.19,8,0,0);
insert into `Sale_items`(`ItemID`,`saleitemsource`,`price`,`supplierid`,`sellerid`,`soldquantity`) values (42,0,29.95,9,0,0);
insert into `Sale_items`(`ItemID`,`saleitemsource`,`price`,`supplierid`,`sellerid`,`soldquantity`) values (43,0,75,10,0,1);
insert into `Sale_items`(`ItemID`,`saleitemsource`,`price`,`supplierid`,`sellerid`,`soldquantity`) values (44,0,19.99,11,0,0);
insert into `Sale_items`(`ItemID`,`saleitemsource`,`price`,`supplierid`,`sellerid`,`soldquantity`) values (45,0,21.39,12,0,0);
insert into `Sale_items`(`ItemID`,`saleitemsource`,`price`,`supplierid`,`sellerid`,`soldquantity`) values (46,0,39.95,13,0,0);
insert into `Sale_items`(`ItemID`,`saleitemsource`,`price`,`supplierid`,`sellerid`,`soldquantity`) values (47,0,15.99,14,0,10);
insert into `Sale_items`(`ItemID`,`saleitemsource`,`price`,`supplierid`,`sellerid`,`soldquantity`) values (48,0,14.99,15,0,0);
insert into `Sale_items`(`ItemID`,`saleitemsource`,`price`,`supplierid`,`sellerid`,`soldquantity`) values (49,0,74,16,0,0);
insert into `Sale_items`(`ItemID`,`saleitemsource`,`price`,`supplierid`,`sellerid`,`soldquantity`) values (50,0,51.99,17,0,0);
insert into `Sale_items`(`ItemID`,`saleitemsource`,`price`,`supplierid`,`sellerid`,`soldquantity`) values (101,1,10,0,16,2);
insert into `Sale_items`(`ItemID`,`saleitemsource`,`price`,`supplierid`,`sellerid`,`soldquantity`) values (102,1,300,0,11,7);
insert into `Sale_items`(`ItemID`,`saleitemsource`,`price`,`supplierid`,`sellerid`,`soldquantity`) values (103,1,100,0,32,1);
insert into `Sale_items`(`ItemID`,`saleitemsource`,`price`,`supplierid`,`sellerid`,`soldquantity`) values (105,1,100,0,32,0);
insert into `Sale_items`(`ItemID`,`saleitemsource`,`price`,`supplierid`,`sellerid`,`soldquantity`) values (110,1,100,0,11,0);

insert into `Auction_items`(`ItemID`,`SellerID`,`reserve_price`,`end_time`,`numofbidder`,`status`) values (51,14,688,'2015-12-15 00:00:00',0,2);
insert into `Auction_items`(`ItemID`,`SellerID`,`reserve_price`,`end_time`,`numofbidder`,`status`) values (52,7,689,'2015-12-15 00:00:00',0,2);
insert into `Auction_items`(`ItemID`,`SellerID`,`reserve_price`,`end_time`,`numofbidder`,`status`) values (53,11,476,'2015-12-15 00:00:00',0,2);
insert into `Auction_items`(`ItemID`,`SellerID`,`reserve_price`,`end_time`,`numofbidder`,`status`) values (54,12,654,'2015-12-15 00:00:00',2,1);
insert into `Auction_items`(`ItemID`,`SellerID`,`reserve_price`,`end_time`,`numofbidder`,`status`) values (55,4,80,'2015-12-15 00:00:00',0,2);
insert into `Auction_items`(`ItemID`,`SellerID`,`reserve_price`,`end_time`,`numofbidder`,`status`) values (56,1,26,'2015-12-15 00:00:00',0,2);
insert into `Auction_items`(`ItemID`,`SellerID`,`reserve_price`,`end_time`,`numofbidder`,`status`) values (57,2,58,'2015-12-15 00:00:00',1,2);
insert into `Auction_items`(`ItemID`,`SellerID`,`reserve_price`,`end_time`,`numofbidder`,`status`) values (58,9,53,'2015-12-15 00:00:00',0,2);
insert into `Auction_items`(`ItemID`,`SellerID`,`reserve_price`,`end_time`,`numofbidder`,`status`) values (59,11,489,'2015-12-15 00:00:00',5,1);
insert into `Auction_items`(`ItemID`,`SellerID`,`reserve_price`,`end_time`,`numofbidder`,`status`) values (60,14,389,'2015-12-15 00:00:00',0,2);
insert into `Auction_items`(`ItemID`,`SellerID`,`reserve_price`,`end_time`,`numofbidder`,`status`) values (61,10,119,'2015-12-15 00:00:00',0,2);
insert into `Auction_items`(`ItemID`,`SellerID`,`reserve_price`,`end_time`,`numofbidder`,`status`) values (62,10,89,'2015-12-15 00:00:00',0,2);
insert into `Auction_items`(`ItemID`,`SellerID`,`reserve_price`,`end_time`,`numofbidder`,`status`) values (63,8,509,'2015-12-15 00:00:00',0,2);
insert into `Auction_items`(`ItemID`,`SellerID`,`reserve_price`,`end_time`,`numofbidder`,`status`) values (64,6,516,'2015-12-15 00:00:00',0,2);
insert into `Auction_items`(`ItemID`,`SellerID`,`reserve_price`,`end_time`,`numofbidder`,`status`) values (65,15,644,'2015-12-15 00:00:00',0,2);
insert into `Auction_items`(`ItemID`,`SellerID`,`reserve_price`,`end_time`,`numofbidder`,`status`) values (66,9,489,'2015-12-15 00:00:00',13,1);
insert into `Auction_items`(`ItemID`,`SellerID`,`reserve_price`,`end_time`,`numofbidder`,`status`) values (67,9,18,'2015-12-15 00:00:00',0,2);
insert into `Auction_items`(`ItemID`,`SellerID`,`reserve_price`,`end_time`,`numofbidder`,`status`) values (68,2,17,'2015-12-15 00:00:00',0,2);
insert into `Auction_items`(`ItemID`,`SellerID`,`reserve_price`,`end_time`,`numofbidder`,`status`) values (69,1,39,'2015-12-15 00:00:00',0,2);
insert into `Auction_items`(`ItemID`,`SellerID`,`reserve_price`,`end_time`,`numofbidder`,`status`) values (70,13,19,'2015-12-15 00:00:00',0,2);
insert into `Auction_items`(`ItemID`,`SellerID`,`reserve_price`,`end_time`,`numofbidder`,`status`) values (71,5,110,'2015-12-15 00:00:00',0,2);
insert into `Auction_items`(`ItemID`,`SellerID`,`reserve_price`,`end_time`,`numofbidder`,`status`) values (72,10,89,'2015-12-15 00:00:00',0,2);
insert into `Auction_items`(`ItemID`,`SellerID`,`reserve_price`,`end_time`,`numofbidder`,`status`) values (73,7,69,'2015-12-15 00:00:00',0,2);
insert into `Auction_items`(`ItemID`,`SellerID`,`reserve_price`,`end_time`,`numofbidder`,`status`) values (74,15,175,'2015-12-15 00:00:00',0,2);
insert into `Auction_items`(`ItemID`,`SellerID`,`reserve_price`,`end_time`,`numofbidder`,`status`) values (75,6,99,'2015-12-15 00:00:00',0,2);
insert into `Auction_items`(`ItemID`,`SellerID`,`reserve_price`,`end_time`,`numofbidder`,`status`) values (76,11,69,'2015-12-15 00:00:00',0,2);
insert into `Auction_items`(`ItemID`,`SellerID`,`reserve_price`,`end_time`,`numofbidder`,`status`) values (77,3,198,'2015-12-15 00:00:00',0,2);
insert into `Auction_items`(`ItemID`,`SellerID`,`reserve_price`,`end_time`,`numofbidder`,`status`) values (78,12,144,'2015-12-15 00:00:00',0,2);
insert into `Auction_items`(`ItemID`,`SellerID`,`reserve_price`,`end_time`,`numofbidder`,`status`) values (79,8,125,'2015-12-15 00:00:00',0,2);
insert into `Auction_items`(`ItemID`,`SellerID`,`reserve_price`,`end_time`,`numofbidder`,`status`) values (80,13,69,'2015-12-15 00:00:00',0,2);
insert into `Auction_items`(`ItemID`,`SellerID`,`reserve_price`,`end_time`,`numofbidder`,`status`) values (81,4,89,'2015-12-15 00:00:00',0,2);
insert into `Auction_items`(`ItemID`,`SellerID`,`reserve_price`,`end_time`,`numofbidder`,`status`) values (82,3,99,'2015-12-15 00:00:00',0,2);
insert into `Auction_items`(`ItemID`,`SellerID`,`reserve_price`,`end_time`,`numofbidder`,`status`) values (83,13,815,'2015-12-15 00:00:00',0,2);
insert into `Auction_items`(`ItemID`,`SellerID`,`reserve_price`,`end_time`,`numofbidder`,`status`) values (84,6,70,'2015-12-15 00:00:00',0,2);
insert into `Auction_items`(`ItemID`,`SellerID`,`reserve_price`,`end_time`,`numofbidder`,`status`) values (85,8,49,'2015-12-15 00:00:00',0,2);
insert into `Auction_items`(`ItemID`,`SellerID`,`reserve_price`,`end_time`,`numofbidder`,`status`) values (86,3,29,'2015-12-15 00:00:00',0,2);
insert into `Auction_items`(`ItemID`,`SellerID`,`reserve_price`,`end_time`,`numofbidder`,`status`) values (87,15,200,'2015-12-15 00:00:00',0,2);
insert into `Auction_items`(`ItemID`,`SellerID`,`reserve_price`,`end_time`,`numofbidder`,`status`) values (88,12,265,'2015-12-15 00:00:00',0,2);
insert into `Auction_items`(`ItemID`,`SellerID`,`reserve_price`,`end_time`,`numofbidder`,`status`) values (89,5,179,'2015-12-15 00:00:00',0,2);
insert into `Auction_items`(`ItemID`,`SellerID`,`reserve_price`,`end_time`,`numofbidder`,`status`) values (90,1,399,'2015-12-15 00:00:00',0,2);
insert into `Auction_items`(`ItemID`,`SellerID`,`reserve_price`,`end_time`,`numofbidder`,`status`) values (91,5,68,'2015-12-15 00:00:00',0,2);
insert into `Auction_items`(`ItemID`,`SellerID`,`reserve_price`,`end_time`,`numofbidder`,`status`) values (92,3,49,'2015-12-15 00:00:00',0,2);
insert into `Auction_items`(`ItemID`,`SellerID`,`reserve_price`,`end_time`,`numofbidder`,`status`) values (93,7,6,'2015-12-15 00:00:00',0,2);
insert into `Auction_items`(`ItemID`,`SellerID`,`reserve_price`,`end_time`,`numofbidder`,`status`) values (94,14,29,'2015-12-15 00:00:00',0,2);
insert into `Auction_items`(`ItemID`,`SellerID`,`reserve_price`,`end_time`,`numofbidder`,`status`) values (95,4,15,'2015-12-15 00:00:00',0,2);
insert into `Auction_items`(`ItemID`,`SellerID`,`reserve_price`,`end_time`,`numofbidder`,`status`) values (96,12,6,'2015-12-15 00:00:00',0,2);
insert into `Auction_items`(`ItemID`,`SellerID`,`reserve_price`,`end_time`,`numofbidder`,`status`) values (97,14,8,'2015-12-15 00:00:00',0,2);
insert into `Auction_items`(`ItemID`,`SellerID`,`reserve_price`,`end_time`,`numofbidder`,`status`) values (98,7,12,'2015-12-15 00:00:00',0,2);
insert into `Auction_items`(`ItemID`,`SellerID`,`reserve_price`,`end_time`,`numofbidder`,`status`) values (99,2,14,'2015-12-15 00:00:00',0,2);
insert into `Auction_items`(`ItemID`,`SellerID`,`reserve_price`,`end_time`,`numofbidder`,`status`) values (100,1,69,'2015-12-15 00:00:00',0,2);
insert into `Auction_items`(`ItemID`,`SellerID`,`reserve_price`,`end_time`,`numofbidder`,`status`) values (104,32,100,'2015-12-08 20:25:00',2,1);
insert into `Auction_items`(`ItemID`,`SellerID`,`reserve_price`,`end_time`,`numofbidder`,`status`) values (106,36,100,'0015-12-09 08:32:00',0,2);
insert into `Auction_items`(`ItemID`,`SellerID`,`reserve_price`,`end_time`,`numofbidder`,`status`) values (107,36,199,'2015-12-09 08:36:00',2,1);
insert into `Auction_items`(`ItemID`,`SellerID`,`reserve_price`,`end_time`,`numofbidder`,`status`) values (108,11,100,'2015-12-09 11:26:00',2,1);
insert into `Auction_items`(`ItemID`,`SellerID`,`reserve_price`,`end_time`,`numofbidder`,`status`) values (109,11,100,'2015-12-09 11:55:00',2,1);
insert into `Auction_items`(`ItemID`,`SellerID`,`reserve_price`,`end_time`,`numofbidder`,`status`) values (111,11,100,'2015-12-10 12:08:00',2,1);
insert into `Auction_items`(`ItemID`,`SellerID`,`reserve_price`,`end_time`,`numofbidder`,`status`) values (112,32,100,'2015-12-11 23:00:00',0,2);
insert into `Auction_items`(`ItemID`,`SellerID`,`reserve_price`,`end_time`,`numofbidder`,`status`) values (113,32,100,'2015-12-11 10:00:00',0,2);
insert into `Auction_items`(`ItemID`,`SellerID`,`reserve_price`,`end_time`,`numofbidder`,`status`) values (114,32,100,'2015-12-11 08:31:00',2,1);

insert into `Orders`(`OrderID`,`ItemID`,`source`,`category`,`quantity`,`buyer`,`seller`,`supplier`,`order_time`,`cardtype`,`creditcard`,`bidornot`,`price`,`amount`,`shippingfee`,`status`) values (1,55,1,4,1,8,4,0,'2015-09-06 13:00:00','discover','5387391271504243',1,100,100,0,3);
insert into `Orders`(`OrderID`,`ItemID`,`source`,`category`,`quantity`,`buyer`,`seller`,`supplier`,`order_time`,`cardtype`,`creditcard`,`bidornot`,`price`,`amount`,`shippingfee`,`status`) values (2,53,1,3,1,5,11,0,'2015-09-08 15:00:00','discover','9593861826120474',1,500,500,3.99,4);
insert into `Orders`(`OrderID`,`ItemID`,`source`,`category`,`quantity`,`buyer`,`seller`,`supplier`,`order_time`,`cardtype`,`creditcard`,`bidornot`,`price`,`amount`,`shippingfee`,`status`) values (3,52,1,3,1,3,7,0,'2015-10-02 17:00:00','discover','6314718773536925',1,695,695,0,3);
insert into `Orders`(`OrderID`,`ItemID`,`source`,`category`,`quantity`,`buyer`,`seller`,`supplier`,`order_time`,`cardtype`,`creditcard`,`bidornot`,`price`,`amount`,`shippingfee`,`status`) values (4,51,1,3,1,1,14,0,'2015-10-03 16:00:00','discover','7209319783292637',1,700,700,0,3);
insert into `Orders`(`OrderID`,`ItemID`,`source`,`category`,`quantity`,`buyer`,`seller`,`supplier`,`order_time`,`cardtype`,`creditcard`,`bidornot`,`price`,`amount`,`shippingfee`,`status`) values (5,54,1,3,1,6,12,0,'2015-10-07 14:00:00','discover','3164618104709968',1,680,680,0,3);
insert into `Orders`(`OrderID`,`ItemID`,`source`,`category`,`quantity`,`buyer`,`seller`,`supplier`,`order_time`,`cardtype`,`creditcard`,`bidornot`,`price`,`amount`,`shippingfee`,`status`) values (6,43,0,18,2,16,0,10,'2015-11-28 18:23:46','discover','6011001561234008',0,75,150,0,4);
insert into `Orders`(`OrderID`,`ItemID`,`source`,`category`,`quantity`,`buyer`,`seller`,`supplier`,`order_time`,`cardtype`,`creditcard`,`bidornot`,`price`,`amount`,`shippingfee`,`status`) values (7,1,0,3,3,16,0,1,'2015-11-28 20:08:13','discover','6011001561234008',0,659,1977,0,4);
insert into `Orders`(`OrderID`,`ItemID`,`source`,`category`,`quantity`,`buyer`,`seller`,`supplier`,`order_time`,`cardtype`,`creditcard`,`bidornot`,`price`,`amount`,`shippingfee`,`status`) values (8,47,0,4,1,16,0,14,'2015-11-29 03:50:10','discover','6011001561234008',0,15.99,15.99,3.45,4);
insert into `Orders`(`OrderID`,`ItemID`,`source`,`category`,`quantity`,`buyer`,`seller`,`supplier`,`order_time`,`cardtype`,`creditcard`,`bidornot`,`price`,`amount`,`shippingfee`,`status`) values (9,17,0,17,1,16,0,17,'2015-11-29 03:53:20','discover','6011001561234008',0,10.36,10.36,3,3);
insert into `Orders`(`OrderID`,`ItemID`,`source`,`category`,`quantity`,`buyer`,`seller`,`supplier`,`order_time`,`cardtype`,`creditcard`,`bidornot`,`price`,`amount`,`shippingfee`,`status`) values (10,33,0,33,2,16,0,33,'2015-11-29 03:58:59','discover','6011001561234008',0,21.41,42.82,0,1);
insert into `Orders`(`OrderID`,`ItemID`,`source`,`category`,`quantity`,`buyer`,`seller`,`supplier`,`order_time`,`cardtype`,`creditcard`,`bidornot`,`price`,`amount`,`shippingfee`,`status`) values (11,33,0,33,1,16,0,33,'2015-11-29 16:56:18','discover','6011001561234008',0,21.41,21.41,0,1);
insert into `Orders`(`OrderID`,`ItemID`,`source`,`category`,`quantity`,`buyer`,`seller`,`supplier`,`order_time`,`cardtype`,`creditcard`,`bidornot`,`price`,`amount`,`shippingfee`,`status`) values (12,10,0,7,100,16,0,10,'2015-11-29 21:12:01','discover','6011001561234008',0,299,29900,0,1);
insert into `Orders`(`OrderID`,`ItemID`,`source`,`category`,`quantity`,`buyer`,`seller`,`supplier`,`order_time`,`cardtype`,`creditcard`,`bidornot`,`price`,`amount`,`shippingfee`,`status`) values (13,11,0,13,100,16,0,11,'2015-11-30 08:07:10','discover','6011001561234008',0,63.62,6362,0,1);
insert into `Orders`(`OrderID`,`ItemID`,`source`,`category`,`quantity`,`buyer`,`seller`,`supplier`,`order_time`,`cardtype`,`creditcard`,`bidornot`,`price`,`amount`,`shippingfee`,`status`) values (16,43,0,18,1,16,0,10,'2015-11-30 13:32:41','discover','6011001561234008',0,75,75,0,1);
insert into `Orders`(`OrderID`,`ItemID`,`source`,`category`,`quantity`,`buyer`,`seller`,`supplier`,`order_time`,`cardtype`,`creditcard`,`bidornot`,`price`,`amount`,`shippingfee`,`status`) values (23,54,1,3,1,16,12,0,'2015-12-07 14:00:01','discover','6011001561234008',1,654,4535,0,1);
insert into `Orders`(`OrderID`,`ItemID`,`source`,`category`,`quantity`,`buyer`,`seller`,`supplier`,`order_time`,`cardtype`,`creditcard`,`bidornot`,`price`,`amount`,`shippingfee`,`status`) values (24,101,1,3,1,11,16,0,'2015-12-08 18:40:28','discover','3792085741492500',0,10,10,9,4);
insert into `Orders`(`OrderID`,`ItemID`,`source`,`category`,`quantity`,`buyer`,`seller`,`supplier`,`order_time`,`cardtype`,`creditcard`,`bidornot`,`price`,`amount`,`shippingfee`,`status`) values (25,101,1,3,1,11,16,0,'2015-12-08 18:47:11','discover','3792085741492500',0,10,10,9,4);
insert into `Orders`(`OrderID`,`ItemID`,`source`,`category`,`quantity`,`buyer`,`seller`,`supplier`,`order_time`,`cardtype`,`creditcard`,`bidornot`,`price`,`amount`,`shippingfee`,`status`) values (26,102,1,0,1,16,11,0,'2015-12-08 19:10:22','discover','6011001561234008',0,300,300,0,4);
insert into `Orders`(`OrderID`,`ItemID`,`source`,`category`,`quantity`,`buyer`,`seller`,`supplier`,`order_time`,`cardtype`,`creditcard`,`bidornot`,`price`,`amount`,`shippingfee`,`status`) values (27,102,1,0,2,16,11,0,'2015-12-08 20:03:01','discover','6011001561234008',0,300,600,0,4);
insert into `Orders`(`OrderID`,`ItemID`,`source`,`category`,`quantity`,`buyer`,`seller`,`supplier`,`order_time`,`cardtype`,`creditcard`,`bidornot`,`price`,`amount`,`shippingfee`,`status`) values (28,102,1,0,1,16,11,0,'2015-12-08 20:07:43','discover','6011001561234008',0,300,300,0,4);
insert into `Orders`(`OrderID`,`ItemID`,`source`,`category`,`quantity`,`buyer`,`seller`,`supplier`,`order_time`,`cardtype`,`creditcard`,`bidornot`,`price`,`amount`,`shippingfee`,`status`) values (29,103,1,2,1,34,32,0,'2015-12-08 20:20:31','discover','104729856348654',0,100,100,4,4);
insert into `Orders`(`OrderID`,`ItemID`,`source`,`category`,`quantity`,`buyer`,`seller`,`supplier`,`order_time`,`cardtype`,`creditcard`,`bidornot`,`price`,`amount`,`shippingfee`,`status`) values (30,104,1,0,1,34,32,0,'2015-12-08 20:25:01','discover','104729856348654',1,100,300,0,4);
insert into `Orders`(`OrderID`,`ItemID`,`source`,`category`,`quantity`,`buyer`,`seller`,`supplier`,`order_time`,`cardtype`,`creditcard`,`bidornot`,`price`,`amount`,`shippingfee`,`status`) values (31,107,1,2,1,34,36,0,'2015-12-09 08:36:01','discover','6011001561234008',1,199,205,10,0);
insert into `Orders`(`OrderID`,`ItemID`,`source`,`category`,`quantity`,`buyer`,`seller`,`supplier`,`order_time`,`cardtype`,`creditcard`,`bidornot`,`price`,`amount`,`shippingfee`,`status`) values (32,108,1,0,1,16,11,0,'2015-12-09 11:26:01','discover','6011001561234008',1,100,400,0,4);
insert into `Orders`(`OrderID`,`ItemID`,`source`,`category`,`quantity`,`buyer`,`seller`,`supplier`,`order_time`,`cardtype`,`creditcard`,`bidornot`,`price`,`amount`,`shippingfee`,`status`) values (33,109,1,0,1,9,11,0,'2015-12-09 11:55:01','discover','6011001561234008',1,100,300,2.95,0);
insert into `Orders`(`OrderID`,`ItemID`,`source`,`category`,`quantity`,`buyer`,`seller`,`supplier`,`order_time`,`cardtype`,`creditcard`,`bidornot`,`price`,`amount`,`shippingfee`,`status`) values (34,102,1,0,1,16,11,0,'2015-12-09 13:03:58','discover','6011001561234008',0,300,300,0,4);
insert into `Orders`(`OrderID`,`ItemID`,`source`,`category`,`quantity`,`buyer`,`seller`,`supplier`,`order_time`,`cardtype`,`creditcard`,`bidornot`,`price`,`amount`,`shippingfee`,`status`) values (35,5,0,6,1,16,0,5,'2015-12-10 10:59:43','discover','6011001561234008',0,849.99,849.99,0,4);
insert into `Orders`(`OrderID`,`ItemID`,`source`,`category`,`quantity`,`buyer`,`seller`,`supplier`,`order_time`,`cardtype`,`creditcard`,`bidornot`,`price`,`amount`,`shippingfee`,`status`) values (36,102,1,0,1,16,11,0,'2015-12-10 11:15:00','discover','6011001561234008',0,300,300,0,3);
insert into `Orders`(`OrderID`,`ItemID`,`source`,`category`,`quantity`,`buyer`,`seller`,`supplier`,`order_time`,`cardtype`,`creditcard`,`bidornot`,`price`,`amount`,`shippingfee`,`status`) values (37,111,1,3,1,16,11,0,'2015-12-10 12:08:01','discover','6011001561234008',1,100,300,0,4);
insert into `Orders`(`OrderID`,`ItemID`,`source`,`category`,`quantity`,`buyer`,`seller`,`supplier`,`order_time`,`cardtype`,`creditcard`,`bidornot`,`price`,`amount`,`shippingfee`,`status`) values (38,102,1,0,1,11,11,0,'2015-12-10 12:35:28','discover','3792085741492500',0,300,300,0,3);
insert into `Orders`(`OrderID`,`ItemID`,`source`,`category`,`quantity`,`buyer`,`seller`,`supplier`,`order_time`,`cardtype`,`creditcard`,`bidornot`,`price`,`amount`,`shippingfee`,`status`) values (39,114,1,1,1,34,32,0,'2015-12-11 08:31:01','discover','104729856348654',1,100,150,40,4);
insert into `Orders`(`OrderID`,`ItemID`,`source`,`category`,`quantity`,`buyer`,`seller`,`supplier`,`order_time`,`cardtype`,`creditcard`,`bidornot`,`price`,`amount`,`shippingfee`,`status`) values (40,54,1,3,1,16,12,0,'2015-12-17 11:19:40','discover','6011001561234008',1,654,4535,0,0);
insert into `Orders`(`OrderID`,`ItemID`,`source`,`category`,`quantity`,`buyer`,`seller`,`supplier`,`order_time`,`cardtype`,`creditcard`,`bidornot`,`price`,`amount`,`shippingfee`,`status`) values (41,59,1,6,1,16,11,0,'2015-12-17 11:19:40','discover','6011001561234008',1,489,1050,0,0);
insert into `Orders`(`OrderID`,`ItemID`,`source`,`category`,`quantity`,`buyer`,`seller`,`supplier`,`order_time`,`cardtype`,`creditcard`,`bidornot`,`price`,`amount`,`shippingfee`,`status`) values (42,66,1,8,1,16,9,0,'2015-12-17 11:19:40','discover','6011001561234008',1,489,1002,0,0);

insert into `Rating`(`RatingID`,`OrderID`,`buyer`,`seller`,`supplier`,`source`,`comment`,`comment_time`,`score`) values (1,1,8,4,0,1,'Very Good!!','2015-09-10 12:20:00',10);
insert into `Rating`(`RatingID`,`OrderID`,`buyer`,`seller`,`supplier`,`source`,`comment`,`comment_time`,`score`) values (2,2,5,11,0,1,'It does not work any more!','2015-09-11 16:00:00',3);
insert into `Rating`(`RatingID`,`OrderID`,`buyer`,`seller`,`supplier`,`source`,`comment`,`comment_time`,`score`) values (3,3,3,7,0,1,'Good things, but delivery too slow!!','2015-10-07 14:50:00',6);
insert into `Rating`(`RatingID`,`OrderID`,`buyer`,`seller`,`supplier`,`source`,`comment`,`comment_time`,`score`) values (4,4,1,14,0,1,'Good things, quick delivery.','2015-10-06 10:00:00',10);
insert into `Rating`(`RatingID`,`OrderID`,`buyer`,`seller`,`supplier`,`source`,`comment`,`comment_time`,`score`) values (5,5,6,12,0,1,'At least it works.','2015-10-10 16:30:00',8);
insert into `Rating`(`RatingID`,`OrderID`,`buyer`,`seller`,`supplier`,`source`,`comment`,`comment_time`,`score`) values (6,25,11,16,0,1,'goodgoodgoodgoodgood','2015-12-08 18:51:26',9);
insert into `Rating`(`RatingID`,`OrderID`,`buyer`,`seller`,`supplier`,`source`,`comment`,`comment_time`,`score`) values (7,26,16,11,0,1,'GOOD
GOOD','2015-12-08 19:13:07',9);
insert into `Rating`(`RatingID`,`OrderID`,`buyer`,`seller`,`supplier`,`source`,`comment`,`comment_time`,`score`) values (8,27,16,11,0,1,'Thanks','2015-12-08 20:03:37',9);
insert into `Rating`(`RatingID`,`OrderID`,`buyer`,`seller`,`supplier`,`source`,`comment`,`comment_time`,`score`) values (9,28,16,11,0,1,'good','2015-12-08 20:08:14',6);
insert into `Rating`(`RatingID`,`OrderID`,`buyer`,`seller`,`supplier`,`source`,`comment`,`comment_time`,`score`) values (10,29,34,32,0,1,'It does not work well!!!','2015-12-08 20:21:36',4);
insert into `Rating`(`RatingID`,`OrderID`,`buyer`,`seller`,`supplier`,`source`,`comment`,`comment_time`,`score`) values (11,30,34,32,0,1,'very good!Works very well!','2015-12-08 20:26:30',10);
insert into `Rating`(`RatingID`,`OrderID`,`buyer`,`seller`,`supplier`,`source`,`comment`,`comment_time`,`score`) values (12,32,16,11,0,1,'goodgood','2015-12-09 11:29:19',7);
insert into `Rating`(`RatingID`,`OrderID`,`buyer`,`seller`,`supplier`,`source`,`comment`,`comment_time`,`score`) values (13,34,16,11,0,1,'Bad Bad guy','2015-12-09 13:05:16',1);
insert into `Rating`(`RatingID`,`OrderID`,`buyer`,`seller`,`supplier`,`source`,`comment`,`comment_time`,`score`) values (14,37,16,11,0,1,'GOODGOODGOODGOODGOODGOODGOODGOODGOODGOOD','2015-12-10 12:11:58',10);
insert into `Rating`(`RatingID`,`OrderID`,`buyer`,`seller`,`supplier`,`source`,`comment`,`comment_time`,`score`) values (15,39,34,32,0,1,'you suck','2015-12-11 08:32:04',1);

insert into `Bidding`(`ItemID`,`bid_time`,`bidder`,`money`) values (54,'2015-12-01 23:33:20',11,2000);
insert into `Bidding`(`ItemID`,`bid_time`,`bidder`,`money`) values (54,'2015-12-07 09:11:17',16,4535);
insert into `Bidding`(`ItemID`,`bid_time`,`bidder`,`money`) values (57,'2015-11-28 20:07:46',16,3);
insert into `Bidding`(`ItemID`,`bid_time`,`bidder`,`money`) values (59,'2015-11-28 12:24:24',16,300);
insert into `Bidding`(`ItemID`,`bid_time`,`bidder`,`money`) values (59,'2015-11-28 14:23:31',16,20);
insert into `Bidding`(`ItemID`,`bid_time`,`bidder`,`money`) values (59,'2015-11-29 16:56:06',16,34);
insert into `Bidding`(`ItemID`,`bid_time`,`bidder`,`money`) values (59,'2015-11-30 08:53:51',16,222);
insert into `Bidding`(`ItemID`,`bid_time`,`bidder`,`money`) values (59,'2015-11-30 19:33:46',16,1050);
insert into `Bidding`(`ItemID`,`bid_time`,`bidder`,`money`) values (66,'2015-11-30 21:28:17',1,300);
insert into `Bidding`(`ItemID`,`bid_time`,`bidder`,`money`) values (66,'2015-11-28 12:23:02',16,1);
insert into `Bidding`(`ItemID`,`bid_time`,`bidder`,`money`) values (66,'2015-11-28 12:25:18',16,150);
insert into `Bidding`(`ItemID`,`bid_time`,`bidder`,`money`) values (66,'2015-11-28 12:25:43',16,1000);
insert into `Bidding`(`ItemID`,`bid_time`,`bidder`,`money`) values (66,'2015-11-28 12:26:03',16,400);
insert into `Bidding`(`ItemID`,`bid_time`,`bidder`,`money`) values (66,'2015-11-28 14:22:26',16,33);
insert into `Bidding`(`ItemID`,`bid_time`,`bidder`,`money`) values (66,'2015-11-28 14:23:47',16,11);
insert into `Bidding`(`ItemID`,`bid_time`,`bidder`,`money`) values (66,'2015-11-28 14:23:58',16,44);
insert into `Bidding`(`ItemID`,`bid_time`,`bidder`,`money`) values (66,'2015-11-28 19:09:06',16,3);
insert into `Bidding`(`ItemID`,`bid_time`,`bidder`,`money`) values (66,'2015-11-28 19:09:16',16,4);
insert into `Bidding`(`ItemID`,`bid_time`,`bidder`,`money`) values (66,'2015-11-30 08:06:56',16,34);
insert into `Bidding`(`ItemID`,`bid_time`,`bidder`,`money`) values (66,'2015-11-30 11:19:13',16,0);
insert into `Bidding`(`ItemID`,`bid_time`,`bidder`,`money`) values (66,'2015-12-10 16:36:04',16,1002);
insert into `Bidding`(`ItemID`,`bid_time`,`bidder`,`money`) values (104,'2015-12-08 20:23:42',33,200);
insert into `Bidding`(`ItemID`,`bid_time`,`bidder`,`money`) values (104,'2015-12-08 20:24:02',34,300);
insert into `Bidding`(`ItemID`,`bid_time`,`bidder`,`money`) values (107,'2015-12-09 08:34:22',33,200);
insert into `Bidding`(`ItemID`,`bid_time`,`bidder`,`money`) values (107,'2015-12-09 08:35:08',34,205);
insert into `Bidding`(`ItemID`,`bid_time`,`bidder`,`money`) values (108,'2015-12-09 11:22:29',9,300);
insert into `Bidding`(`ItemID`,`bid_time`,`bidder`,`money`) values (108,'2015-12-09 11:22:54',16,400);
insert into `Bidding`(`ItemID`,`bid_time`,`bidder`,`money`) values (109,'2015-12-09 11:52:06',9,300);
insert into `Bidding`(`ItemID`,`bid_time`,`bidder`,`money`) values (109,'2015-12-09 11:51:42',16,200);
insert into `Bidding`(`ItemID`,`bid_time`,`bidder`,`money`) values (111,'2015-12-10 12:05:59',9,200);
insert into `Bidding`(`ItemID`,`bid_time`,`bidder`,`money`) values (111,'2015-12-10 12:06:34',16,300);
insert into `Bidding`(`ItemID`,`bid_time`,`bidder`,`money`) values (114,'2015-12-11 08:29:24',33,100);
insert into `Bidding`(`ItemID`,`bid_time`,`bidder`,`money`) values (114,'2015-12-11 08:29:57',34,150);

insert into `Address`(`UserID`,`state`,`city`,`street`,`zip`) values (1,'Arkansas','Guttenberg','W Cherry Ln Apt 3','34050');
insert into `Address`(`UserID`,`state`,`city`,`street`,`zip`) values (1,'Indiana','Somerville','zwischen Road 45','72927');
insert into `Address`(`UserID`,`state`,`city`,`street`,`zip`) values (2,'Arizona','Union','Aaron Dr. Apt 5','34034');
insert into `Address`(`UserID`,`state`,`city`,`street`,`zip`) values (2,'Kansas','West Hollywood','zygnema Street 125','32943');
insert into `Address`(`UserID`,`state`,`city`,`street`,`zip`) values (3,'California','West','College Ave 345','79553');
insert into `Address`(`UserID`,`state`,`city`,`street`,`zip`) values (3,'Kentucky','Irvington','zygnemataceae Ave 4532','72951');
insert into `Address`(`UserID`,`state`,`city`,`street`,`zip`) values (3,'Minnesota','East Orange','zygomycota Way 67','72083');
insert into `Address`(`UserID`,`state`,`city`,`street`,`zip`) values (4,'Colorado','Hoboken','Water Street 36','99571');
insert into `Address`(`UserID`,`state`,`city`,`street`,`zip`) values (4,'Louisiana','Poplar Hills','zygnematales Ln 234','72007');
insert into `Address`(`UserID`,`state`,`city`,`street`,`zip`) values (5,'Connecticut','Kaser','Park Ave 123','89583');
insert into `Address`(`UserID`,`state`,`city`,`street`,`zip`) values (5,'Massachusetts','Paterson','zygocactus Way 234','72023');
insert into `Address`(`UserID`,`state`,`city`,`street`,`zip`) values (5,'Indiana','Jersey City','zygophyllum Street 35','72176');
insert into `Address`(`UserID`,`state`,`city`,`street`,`zip`) values (6,'Idaho','New Yor','University Dr. 3#50','99612');
insert into `Address`(`UserID`,`state`,`city`,`street`,`zip`) values (6,'Maryland','San Francisco','zygodactyl Road 456','23024');
insert into `Address`(`UserID`,`state`,`city`,`street`,`zip`) values (6,'Mississippi','Guttenberg','zygoptera Ave 67','72721');
insert into `Address`(`UserID`,`state`,`city`,`street`,`zip`) values (7,'Delaware','Cliffside','Bluecourse 34','89661');
insert into `Address`(`UserID`,`state`,`city`,`street`,`zip`) values (7,'Maine','Sweetwater','zygoma Street 234','22037');
insert into `Address`(`UserID`,`state`,`city`,`street`,`zip`) values (8,'Florida','East Newark','Main Street 123','99546');
insert into `Address`(`UserID`,`state`,`city`,`street`,`zip`) values (8,'North Carolina','West','zygotene Way 43','72740');
insert into `Address`(`UserID`,`state`,`city`,`street`,`zip`) values (9,'North Dakota','Hoboken','Bull Road 352','72742');
insert into `Address`(`UserID`,`state`,`city`,`street`,`zip`) values (9,'Florida','Maywood','Fish Road 23','19547');
insert into `Address`(`UserID`,`state`,`city`,`street`,`zip`) values (9,'Michigan','Millbourne','zygomycetes Ln 45','23072');
insert into `Address`(`UserID`,`state`,`city`,`street`,`zip`) values (10,'Georgia','Passaic','Circle Wood street 34','99591');
insert into `Address`(`UserID`,`state`,`city`,`street`,`zip`) values (11,'Guam','Great','Ice Road 23','29638');
insert into `Address`(`UserID`,`state`,`city`,`street`,`zip`) values (11,'Nebraska','Kaser','Sheep Street 234','22752');
insert into `Address`(`UserID`,`state`,`city`,`street`,`zip`) values (11,'Marshall Islands','Bell Gardens','zygomorphic Ave 78','72046');
insert into `Address`(`UserID`,`state`,`city`,`street`,`zip`) values (12,'New Hampshire','New Yor','Sasha Ave 5654','72760');
insert into `Address`(`UserID`,`state`,`city`,`street`,`zip`) values (12,'Hawaii','North','Time Road 23','99660');
insert into `Address`(`UserID`,`state`,`city`,`street`,`zip`) values (13,'Iowa','Cudahy','Hill Ave 45','49685');
insert into `Address`(`UserID`,`state`,`city`,`street`,`zip`) values (13,'New Jersey','Cliffside','Montain Ln 5768','52773');
insert into `Address`(`UserID`,`state`,`city`,`street`,`zip`) values (14,'Idaho','Sunny','Marrey Ln 78','69692');
insert into `Address`(`UserID`,`state`,`city`,`street`,`zip`) values (15,'Illinois','Huntington','Paul Street 56','99501');
insert into `Address`(`UserID`,`state`,`city`,`street`,`zip`) values (15,'Missouri','Central Falls','zygophyllaceae Road 23','32086');
insert into `Address`(`UserID`,`state`,`city`,`street`,`zip`) values (15,'Montana','Union','zygote Ln 35','16738');
insert into `Address`(`UserID`,`state`,`city`,`street`,`zip`) values (16,'PA','State College','715 W Cherry Ln, Apt 3','16803');
insert into `Address`(`UserID`,`state`,`city`,`street`,`zip`) values (32,'PA','Guttenberg','W Cherry Ln Apt 3','63100');
insert into `Address`(`UserID`,`state`,`city`,`street`,`zip`) values (33,'Arkansas','Guttenberg','University Dr.  Apt 8','24850');
insert into `Address`(`UserID`,`state`,`city`,`street`,`zip`) values (34,'New York','New York','Sandy Ln Apt 103','34050');
insert into `Address`(`UserID`,`state`,`city`,`street`,`zip`) values (35,'PA','State College','W Cherry LN, Apt''t 3"3','16803');

insert into `Message`(`MessageID`,`sendtime`,`type`,`fromname`,`toname`,`status`,`message`,`title`) values (1,'2015-12-04 10:51:39',1,'Amabae','kimi',0,'bob&nbsp&nbspbought&nbsp&nbsp10&nbsp&nbspof your product&nbsp&nbsp"aaaaaaaaaaaaaaaaaaaaaaaaaaaaaaa"&nbsp&nbspand have paid.<br/>Please delivery.<br/>Address:<br/>&nbsp&nbsp&nbsp&nbspBull Road 352<br/>&nbsp&nbsp&nbsp&nbspHoboken,&nbsp&nbspNorth Dakota&nbsp&nbsp72742<br/>Phone:&nbsp&nbsp&nbsp&nbsp513-6017345&nbsp&nbsp&nbsp&nbsp&nbsp&nbsp&nbsp&nbsp&nbsp
																		  &nbsp&nbsp&nbsp&nbsp&nbsp&nbsp&nbsp&nbsp&nbsp
																		  &nbsp&nbsp&nbsp&nbsp&nbsp&nbsp&nbsp&nbsp&nbsp
																		  &nbsp&nbsp&nbsp&nbsp&nbsp&nbsp&nbsp&nbsp&nbsp
																		  &nbsp&nbsp&nbsp&nbsp&nbsp&nbsp
																		  <a href="myselling.php" style="text-decoration:none">Go to my selling</a>','Paid and delivery');
insert into `Message`(`MessageID`,`sendtime`,`type`,`fromname`,`toname`,`status`,`message`,`title`) values (2,'2015-12-04 10:56:01',1,'Amabae','kimi',0,'Congratulations! Your product&nbsp&nbsp"bbbbbbbbbbbbbbbbbb"&nbsp&nbspon auction was won by bidder&nbsp&nbspsxm624.<br/>End time:&nbsp&nbsp2015-12-04 10:56:00&nbsp&nbsp&nbsp&nbspReserve price:&nbsp&nbsp$100&nbsp&nbsp&nbsp&nbspNumber of bidder:&nbsp&nbsp2<br/>Price given by&nbsp&nbspsxm624:&nbsp&nbsp$300&nbsp&nbsp&nbsp&nbspOrder status: waiting for payment','Auction item sold');
insert into `Message`(`MessageID`,`sendtime`,`type`,`fromname`,`toname`,`status`,`message`,`title`) values (3,'2015-12-04 10:56:01',1,'Amabae','sxm624',0,'Congratulations! You win the auction of product "bbbbbbbbbbbbbbbbbb"<br/>Seller:&nbsp&nbspkimi&nbsp&nbsp&nbsp&nbspYour bid price:&nbsp&nbsp$300&nbsp&nbsp&nbsp&nbspOrder status:&nbsp&nbspwaiting for payment&nbsp&nbsp&nbsp&nbsp<br/>Shippingfee:&nbsp&nbsp$0&nbsp&nbsp&nbsp&nbspPay ID:&nbsp&nbsp18&nbsp&nbsp&nbsp&nbsp<a href="myorder.php" style="text-decoration:none">Go to my order</a>','Win an auction');
insert into `Message`(`MessageID`,`sendtime`,`type`,`fromname`,`toname`,`status`,`message`,`title`) values (4,'2015-12-04 10:57:19',1,'Amabae','kimi',0,'sxm624&nbsp&nbsphas made payment for your product&nbsp&nbsp"bbbbbbbbbbbbbbbbbb"&nbsp&nbspon auction. Please delivery.<br/>Address:<br/>&nbsp&nbsp&nbsp&nbsp715 W Cherry Ln, Apt 3<br/>&nbsp&nbsp&nbsp&nbspState College,&nbsp&nbspPA&nbsp&nbsp16803<br/>Phone:&nbsp&nbsp&nbsp&nbsp8147532775&nbsp&nbsp&nbsp&nbsp&nbsp&nbsp&nbsp&nbsp&nbsp
                                            &nbsp&nbsp&nbsp&nbsp&nbsp&nbsp&nbsp&nbsp&nbsp
                                            &nbsp&nbsp&nbsp&nbsp&nbsp&nbsp&nbsp&nbsp&nbsp
                                            &nbsp&nbsp&nbsp&nbsp&nbsp&nbsp&nbsp&nbsp&nbsp
                                            &nbsp&nbsp&nbsp&nbsp&nbsp&nbsp
                                            <a href="myselling.php" style="text-decoration:none">Go to my selling</a>','Paid and delivery');
insert into `Message`(`MessageID`,`sendtime`,`type`,`fromname`,`toname`,`status`,`message`,`title`) values (5,'2015-12-04 11:01:56',1,'Amabae','sam2',0,'Welcome to Amabae!','System notice');
insert into `Message`(`MessageID`,`sendtime`,`type`,`fromname`,`toname`,`status`,`message`,`title`) values (6,'2015-12-04 11:04:25',1,'Amabae','kimi',0,'sxm624&nbsp&nbspbought&nbsp&nbsp10&nbsp&nbspof your product&nbsp&nbsp"cccccccccccccccc"&nbsp&nbspand have paid.<br/>Please delivery.<br/>Address:<br/>&nbsp&nbsp&nbsp&nbsp715 W Cherry Ln, Apt 3<br/>&nbsp&nbsp&nbsp&nbspState College,&nbsp&nbspPA&nbsp&nbsp16803<br/>Phone:&nbsp&nbsp&nbsp&nbsp8147532775&nbsp&nbsp&nbsp&nbsp&nbsp&nbsp&nbsp&nbsp&nbsp
																		  &nbsp&nbsp&nbsp&nbsp&nbsp&nbsp&nbsp&nbsp&nbsp
																		  &nbsp&nbsp&nbsp&nbsp&nbsp&nbsp&nbsp&nbsp&nbsp
																		  &nbsp&nbsp&nbsp&nbsp&nbsp&nbsp&nbsp&nbsp&nbsp
																		  &nbsp&nbsp&nbsp&nbsp&nbsp&nbsp
																		  <a href="myselling.php" style="text-decoration:none">Go to my selling</a>','Paid and delivery');
insert into `Message`(`MessageID`,`sendtime`,`type`,`fromname`,`toname`,`status`,`message`,`title`) values (7,'2015-12-04 11:11:01',1,'Amabae','kimi',0,'Congratulations! Your product&nbsp&nbsp"ddddddddddddddddddddddddddddd"&nbsp&nbspon auction was won by bidder&nbsp&nbspbob.<br/>End time:&nbsp&nbsp2015-12-04 11:11:00&nbsp&nbsp&nbsp&nbspReserve price:&nbsp&nbsp$200&nbsp&nbsp&nbsp&nbspNumber of bidder:&nbsp&nbsp2<br/>Price given by&nbsp&nbspbob:&nbsp&nbsp$5000&nbsp&nbsp&nbsp&nbspOrder status: waiting for payment','Auction item sold');
insert into `Message`(`MessageID`,`sendtime`,`type`,`fromname`,`toname`,`status`,`message`,`title`) values (8,'2015-12-04 11:11:01',1,'Amabae','bob',0,'Congratulations! You win the auction of product "ddddddddddddddddddddddddddddd"<br/>Seller:&nbsp&nbspkimi&nbsp&nbsp&nbsp&nbspYour bid price:&nbsp&nbsp$5000&nbsp&nbsp&nbsp&nbspOrder status:&nbsp&nbspwaiting for payment&nbsp&nbsp&nbsp&nbsp<br/>Shippingfee:&nbsp&nbsp$10&nbsp&nbsp&nbsp&nbspPay ID:&nbsp&nbsp20&nbsp&nbsp&nbsp&nbsp<a href="myorder.php" style="text-decoration:none">Go to my order</a>','Win an auction');
insert into `Message`(`MessageID`,`sendtime`,`type`,`fromname`,`toname`,`status`,`message`,`title`) values (9,'2015-12-04 11:12:22',1,'Amabae','kimi',0,'bob&nbsp&nbsphas made payment for your product&nbsp&nbsp"ddddddddddddddddddddddddddddd"&nbsp&nbspon auction. Please delivery.<br/>Address:<br/>&nbsp&nbsp&nbsp&nbspBull Road 352<br/>&nbsp&nbsp&nbsp&nbspHoboken,&nbsp&nbspNorth Dakota&nbsp&nbsp72742<br/>Phone:&nbsp&nbsp&nbsp&nbsp513-6017345&nbsp&nbsp&nbsp&nbsp&nbsp&nbsp&nbsp&nbsp&nbsp
                                            &nbsp&nbsp&nbsp&nbsp&nbsp&nbsp&nbsp&nbsp&nbsp
                                            &nbsp&nbsp&nbsp&nbsp&nbsp&nbsp&nbsp&nbsp&nbsp
                                            &nbsp&nbsp&nbsp&nbsp&nbsp&nbsp&nbsp&nbsp&nbsp
                                            &nbsp&nbsp&nbsp&nbsp&nbsp&nbsp
                                            <a href="myselling.php" style="text-decoration:none">Go to my selling</a>','Paid and delivery');
insert into `Message`(`MessageID`,`sendtime`,`type`,`fromname`,`toname`,`status`,`message`,`title`) values (10,'2015-12-04 16:00:01',1,'Amabae','tianqi',1,'Sorry, your product&nbsp&nbsp"Westinghouse WM009 900W Counter Top Microwave Oven"&nbsp&nbspon auction didn''t sell.<br/>End time:&nbsp&nbsp2015-12-04 16:00:00&nbsp&nbsp&nbsp&nbspReserve price:&nbsp&nbsp$99<br/>Number of bidder:&nbsp&nbsp0&nbsp&nbsp&nbsp&nbspHighest price given by bidders:&nbsp&nbsp$','Item did not sell');
insert into `Message`(`MessageID`,`sendtime`,`type`,`fromname`,`toname`,`status`,`message`,`title`) values (11,'2015-12-04 18:00:01',1,'Amabae','Mini',1,'Sorry, your product&nbsp&nbsp"ASUS M32AD Desktop, "&nbsp&nbspon auction didn''t sell.<br/>End time:&nbsp&nbsp2015-12-04 18:00:00&nbsp&nbsp&nbsp&nbspReserve price:&nbsp&nbsp$516<br/>Number of bidder:&nbsp&nbsp0&nbsp&nbsp&nbsp&nbspHighest price given by bidders:&nbsp&nbsp$','Item did not sell');
insert into `Message`(`MessageID`,`sendtime`,`type`,`fromname`,`toname`,`status`,`message`,`title`) values (12,'2015-12-04 21:00:01',1,'Amabae','Houbing',1,'Sorry, your product&nbsp&nbsp"Computer Security"&nbsp&nbspon auction didn''t sell.<br/>End time:&nbsp&nbsp2015-12-04 21:00:00&nbsp&nbsp&nbsp&nbspReserve price:&nbsp&nbsp$6<br/>Number of bidder:&nbsp&nbsp0&nbsp&nbsp&nbsp&nbspHighest price given by bidders:&nbsp&nbsp$','Item did not sell');
insert into `Message`(`MessageID`,`sendtime`,`type`,`fromname`,`toname`,`status`,`message`,`title`) values (13,'2015-12-04 23:00:01',1,'Amabae','kimi2',1,'Sorry, your product&nbsp&nbsp"LifeProof FRE iPhone 6 ONLY Case"&nbsp&nbspon auction didn''t sell.<br/>End time:&nbsp&nbsp2015-12-04 23:00:00&nbsp&nbsp&nbsp&nbspReserve price:&nbsp&nbsp$58<br/>Number of bidder:&nbsp&nbsp1&nbsp&nbsp&nbsp&nbspHighest price given by bidders:&nbsp&nbsp$3','Item did not sell');
insert into `Message`(`MessageID`,`sendtime`,`type`,`fromname`,`toname`,`status`,`message`,`title`) values (14,'2015-12-05 00:00:01',1,'Amabae','Chengxiang',1,'Sorry, your product&nbsp&nbsp"TaoTronic Bluetooth Headphones  "&nbsp&nbspon auction didn''t sell.<br/>End time:&nbsp&nbsp2015-12-05 00:00:00&nbsp&nbsp&nbsp&nbspReserve price:&nbsp&nbsp$26<br/>Number of bidder:&nbsp&nbsp0&nbsp&nbsp&nbsp&nbspHighest price given by bidders:&nbsp&nbsp$','Item did not sell');
insert into `Message`(`MessageID`,`sendtime`,`type`,`fromname`,`toname`,`status`,`message`,`title`) values (15,'2015-12-05 10:16:26',1,'Amabae','Michel',1,'Sorry, your product&nbsp&nbsp"Campbell Biology (9th Edition)"&nbsp&nbspon auction didn''t sell.<br/>End time:&nbsp&nbsp2015-12-05 09:00:00&nbsp&nbsp&nbsp&nbspReserve price:&nbsp&nbsp$68<br/>Number of bidder:&nbsp&nbsp0&nbsp&nbsp&nbsp&nbspHighest price given by bidders:&nbsp&nbsp$','Item did not sell');
insert into `Message`(`MessageID`,`sendtime`,`type`,`fromname`,`toname`,`status`,`message`,`title`) values (16,'2015-12-05 10:23:13',1,'Amabae','kimi',0,'sxm624&nbsp&nbspbought&nbsp&nbsp1&nbsp&nbspof your product&nbsp&nbsp"cccccccccccccccc"&nbsp&nbspand have paid.<br/>Please delivery.<br/>Address:<br/>&nbsp&nbsp&nbsp&nbsp715 W Cherry Ln, Apt 3<br/>&nbsp&nbsp&nbsp&nbspState College,&nbsp&nbspPA&nbsp&nbsp16803<br/>Phone:&nbsp&nbsp&nbsp&nbsp8147532775&nbsp&nbsp&nbsp&nbsp&nbsp&nbsp&nbsp&nbsp&nbsp
																		  &nbsp&nbsp&nbsp&nbsp&nbsp&nbsp&nbsp&nbsp&nbsp
																		  &nbsp&nbsp&nbsp&nbsp&nbsp&nbsp&nbsp&nbsp&nbsp
																		  &nbsp&nbsp&nbsp&nbsp&nbsp&nbsp&nbsp&nbsp&nbsp
																		  &nbsp&nbsp&nbsp&nbsp&nbsp&nbsp
																		  <a href="myselling.php" style="text-decoration:none">Go to my selling</a>','Paid and delivery');
insert into `Message`(`MessageID`,`sendtime`,`type`,`fromname`,`toname`,`status`,`message`,`title`) values (17,'2015-12-05 11:00:01',1,'Amabae','Michel',1,'Sorry, your product&nbsp&nbsp"TVizio E24-C1 24-Inches 1080p Smart LED TV"&nbsp&nbspon auction didn''t sell.<br/>End time:&nbsp&nbsp2015-12-05 11:00:00&nbsp&nbsp&nbsp&nbspReserve price:&nbsp&nbsp$179<br/>Number of bidder:&nbsp&nbsp0&nbsp&nbsp&nbsp&nbspHighest price given by bidders:&nbsp&nbsp$','Item did not sell');
insert into `Message`(`MessageID`,`sendtime`,`type`,`fromname`,`toname`,`status`,`message`,`title`) values (18,'2015-12-05 12:30:01',1,'Amabae','sxm624',0,'Sorry, your product&nbsp&nbsp"Thinkpad"&nbsp&nbspon auction didn''t sell.<br/>End time:&nbsp&nbsp2015-12-05 12:30:00&nbsp&nbsp&nbsp&nbspReserve price:&nbsp&nbsp$350<br/>Number of bidder:&nbsp&nbsp0&nbsp&nbsp&nbsp&nbspHighest price given by bidders:&nbsp&nbsp$','Item did not sell');
insert into `Message`(`MessageID`,`sendtime`,`type`,`fromname`,`toname`,`status`,`message`,`title`) values (19,'2015-12-05 14:00:01',1,'Amabae','kimi2',1,'Sorry, your product&nbsp&nbsp"Brighter Child Early Learning"&nbsp&nbspon auction didn''t sell.<br/>End time:&nbsp&nbsp2015-12-05 14:00:00&nbsp&nbsp&nbsp&nbspReserve price:&nbsp&nbsp$14<br/>Number of bidder:&nbsp&nbsp0&nbsp&nbsp&nbsp&nbspHighest price given by bidders:&nbsp&nbsp$','Item did not sell');
insert into `Message`(`MessageID`,`sendtime`,`type`,`fromname`,`toname`,`status`,`message`,`title`) values (20,'2015-12-05 18:53:28',1,'Amabae','Lubber',1,'Sorry, your product&nbsp&nbsp"Danby Designer 0.7 cu.ft. Countertop Microwave"&nbsp&nbspon auction didn''t sell.<br/>End time:&nbsp&nbsp2015-12-05 17:00:00&nbsp&nbsp&nbsp&nbspReserve price:&nbsp&nbsp$89<br/>Number of bidder:&nbsp&nbsp0&nbsp&nbsp&nbsp&nbspHighest price given by bidders:&nbsp&nbsp$','Item did not sell');
insert into `Message`(`MessageID`,`sendtime`,`type`,`fromname`,`toname`,`status`,`message`,`title`) values (21,'2015-12-05 19:00:01',1,'Amabae','paddle',1,'Sorry, your product&nbsp&nbsp"Apple Mac Mini MGEN2LL"&nbsp&nbspon auction didn''t sell.<br/>End time:&nbsp&nbsp2015-12-05 19:00:00&nbsp&nbsp&nbsp&nbspReserve price:&nbsp&nbsp$644<br/>Number of bidder:&nbsp&nbsp0&nbsp&nbsp&nbsp&nbspHighest price given by bidders:&nbsp&nbsp$','Item did not sell');
insert into `Message`(`MessageID`,`sendtime`,`type`,`fromname`,`toname`,`status`,`message`,`title`) values (22,'2015-12-05 23:00:01',1,'Amabae','Chengxiang',1,'Sorry, your product&nbsp&nbsp"Levi''s Men''s 511 Slim Fit Jea,  Trenton,     39,   "&nbsp&nbspon auction didn''t sell.<br/>End time:&nbsp&nbsp2015-12-05 23:00:00&nbsp&nbsp&nbsp&nbspReserve price:&nbsp&nbsp$39<br/>Number of bidder:&nbsp&nbsp0&nbsp&nbsp&nbsp&nbspHighest price given by bidders:&nbsp&nbsp$','Item did not sell');
insert into `Message`(`MessageID`,`sendtime`,`type`,`fromname`,`toname`,`status`,`message`,`title`) values (23,'2015-12-06 00:00:01',1,'Amabae','tyler',1,'Sorry, your product&nbsp&nbsp"Lacoste Men''s 3-Pack Essentials Cotton Knit Boxer "&nbsp&nbspon auction didn''t sell.<br/>End time:&nbsp&nbsp2015-12-06 00:00:00&nbsp&nbsp&nbsp&nbspReserve price:&nbsp&nbsp$19<br/>Number of bidder:&nbsp&nbsp0&nbsp&nbsp&nbsp&nbspHighest price given by bidders:&nbsp&nbsp$','Item did not sell');
insert into `Message`(`MessageID`,`sendtime`,`type`,`fromname`,`toname`,`status`,`message`,`title`) values (24,'2015-12-06 13:17:17',1,'Amabae','Lubber',1,'Sorry, your product&nbsp&nbsp" KMASHI 10000mAh External Battery"&nbsp&nbspon auction didn''t sell.<br/>End time:&nbsp&nbsp2015-12-06 13:00:00&nbsp&nbsp&nbsp&nbspReserve price:&nbsp&nbsp$80<br/>Number of bidder:&nbsp&nbsp0&nbsp&nbsp&nbsp&nbspHighest price given by bidders:&nbsp&nbsp$','Item did not sell');
insert into `Message`(`MessageID`,`sendtime`,`type`,`fromname`,`toname`,`status`,`message`,`title`) values (25,'2015-12-06 15:00:01',1,'Amabae','Houbing',1,'Sorry, your product&nbsp&nbsp"National Geographic Animal Encyclopedia"&nbsp&nbspon auction didn''t sell.<br/>End time:&nbsp&nbsp2015-12-06 15:00:00&nbsp&nbsp&nbsp&nbspReserve price:&nbsp&nbsp$12<br/>Number of bidder:&nbsp&nbsp0&nbsp&nbsp&nbsp&nbspHighest price given by bidders:&nbsp&nbsp$','Item did not sell');
insert into `Message`(`MessageID`,`sendtime`,`type`,`fromname`,`toname`,`status`,`message`,`title`) values (26,'2015-12-06 18:00:01',1,'Amabae','tyler',1,'Sorry, your product&nbsp&nbsp"Jessica Simpson Women''s Sampson Wedge Pump"&nbsp&nbspon auction didn''t sell.<br/>End time:&nbsp&nbsp2015-12-06 18:00:00&nbsp&nbsp&nbsp&nbspReserve price:&nbsp&nbsp$69<br/>Number of bidder:&nbsp&nbsp0&nbsp&nbsp&nbsp&nbspHighest price given by bidders:&nbsp&nbsp$','Item did not sell');
insert into `Message`(`MessageID`,`sendtime`,`type`,`fromname`,`toname`,`status`,`message`,`title`) values (27,'2015-12-06 19:00:01',1,'Amabae','Tubie',0,'Sorry, your product&nbsp&nbsp"Anne Klein Women''s Classic Double-Breasted Coat"&nbsp&nbspon auction didn''t sell.<br/>End time:&nbsp&nbsp2015-12-06 19:00:00&nbsp&nbsp&nbsp&nbspReserve price:&nbsp&nbsp$144<br/>Number of bidder:&nbsp&nbsp0&nbsp&nbsp&nbsp&nbspHighest price given by bidders:&nbsp&nbsp$','Item did not sell');
insert into `Message`(`MessageID`,`sendtime`,`type`,`fromname`,`toname`,`status`,`message`,`title`) values (28,'2015-12-06 20:00:01',1,'Amabae','barb456',1,'Sorry, your product&nbsp&nbsp"MH182LL/A iPad Air"&nbsp&nbspon auction didn''t sell.<br/>End time:&nbsp&nbsp2015-12-06 20:00:00&nbsp&nbsp&nbsp&nbspReserve price:&nbsp&nbsp$509<br/>Number of bidder:&nbsp&nbsp0&nbsp&nbsp&nbsp&nbspHighest price given by bidders:&nbsp&nbsp$','Item did not sell');
insert into `Message`(`MessageID`,`sendtime`,`type`,`fromname`,`toname`,`status`,`message`,`title`) values (29,'2015-12-06 22:00:01',1,'Amabae','Tubie',0,'Sorry, your product&nbsp&nbsp"SPT SF-609 Portable Evaporative Air Cooler"&nbsp&nbspon auction didn''t sell.<br/>End time:&nbsp&nbsp2015-12-06 22:00:00&nbsp&nbsp&nbsp&nbspReserve price:&nbsp&nbsp$265<br/>Number of bidder:&nbsp&nbsp0&nbsp&nbsp&nbsp&nbspHighest price given by bidders:&nbsp&nbsp$','Item did not sell');
insert into `Message`(`MessageID`,`sendtime`,`type`,`fromname`,`toname`,`status`,`message`,`title`) values (30,'2015-12-07 09:25:01',1,'Amabae','kimi',0,'Congratulations! Your product&nbsp&nbsp"zzzzzzzzzzzzzzzzzzzzzzzzz"&nbsp&nbspon auction was won by bidder&nbsp&nbspsxm624.<br/>End time:&nbsp&nbsp2015-12-07 09:25:00&nbsp&nbsp&nbsp&nbspReserve price:&nbsp&nbsp$100&nbsp&nbsp&nbsp&nbspNumber of bidder:&nbsp&nbsp2<br/>Price given by&nbsp&nbspsxm624:&nbsp&nbsp$300&nbsp&nbsp&nbsp&nbspOrder status: waiting for payment','Auction item sold');
insert into `Message`(`MessageID`,`sendtime`,`type`,`fromname`,`toname`,`status`,`message`,`title`) values (31,'2015-12-07 09:25:01',1,'Amabae','sxm624',0,'Congratulations! You win the auction of product "zzzzzzzzzzzzzzzzzzzzzzzzz"<br/>Seller:&nbsp&nbspkimi&nbsp&nbsp&nbsp&nbspYour bid price:&nbsp&nbsp$300&nbsp&nbsp&nbsp&nbspOrder status:&nbsp&nbspwaiting for payment&nbsp&nbsp&nbsp&nbsp<br/>Shippingfee:&nbsp&nbsp$0&nbsp&nbsp&nbsp&nbspPay ID:&nbsp&nbsp22&nbsp&nbsp&nbsp&nbsp<a href="myorder.php" style="text-decoration:none">Go to my order</a>','Win an auction');
insert into `Message`(`MessageID`,`sendtime`,`type`,`fromname`,`toname`,`status`,`message`,`title`) values (32,'2015-12-07 09:28:35',1,'Amabae','kimi',0,'sxm624&nbsp&nbsphas made payment for your product&nbsp&nbsp"zzzzzzzzzzzzzzzzzzzzzzzzz"&nbsp&nbspon auction. Please delivery.<br/>Address:<br/>&nbsp&nbsp&nbsp&nbsp715 W Cherry Ln, Apt 3<br/>&nbsp&nbsp&nbsp&nbspState College,&nbsp&nbspPA&nbsp&nbsp16803<br/>Phone:&nbsp&nbsp&nbsp&nbsp8147532775&nbsp&nbsp&nbsp&nbsp&nbsp&nbsp&nbsp&nbsp&nbsp
                                            &nbsp&nbsp&nbsp&nbsp&nbsp&nbsp&nbsp&nbsp&nbsp
                                            &nbsp&nbsp&nbsp&nbsp&nbsp&nbsp&nbsp&nbsp&nbsp
                                            &nbsp&nbsp&nbsp&nbsp&nbsp&nbsp&nbsp&nbsp&nbsp
                                            &nbsp&nbsp&nbsp&nbsp&nbsp&nbsp
                                            <a href="myselling.php" style="text-decoration:none">Go to my selling</a>','Paid and delivery');
insert into `Message`(`MessageID`,`sendtime`,`type`,`fromname`,`toname`,`status`,`message`,`title`) values (33,'2015-12-07 13:00:01',1,'Amabae','Michel',1,'Sorry, your product&nbsp&nbsp"Lacoste Men''s Short Sleeve Stretch Pima Pique Striped Regular Fit Polo Shirt"&nbsp&nbspon auction didn''t sell.<br/>End time:&nbsp&nbsp2015-12-07 13:00:00&nbsp&nbsp&nbsp&nbspReserve price:&nbsp&nbsp$110<br/>Number of bidder:&nbsp&nbsp0&nbsp&nbsp&nbsp&nbspHighest price given by bidders:&nbsp&nbsp$','Item did not sell');
insert into `Message`(`MessageID`,`sendtime`,`type`,`fromname`,`toname`,`status`,`message`,`title`) values (34,'2015-12-07 14:00:01',1,'Amabae','Tubie',0,'Congratulations! Your product&nbsp&nbsp" DetroitSamsung Galaxy S6"&nbsp&nbspon auction was won by bidder&nbsp&nbspsxm624.<br/>End time:&nbsp&nbsp2015-12-07 14:00:00&nbsp&nbsp&nbsp&nbspReserve price:&nbsp&nbsp$654&nbsp&nbsp&nbsp&nbspNumber of bidder:&nbsp&nbsp2<br/>Price given by&nbsp&nbspsxm624:&nbsp&nbsp$4535&nbsp&nbsp&nbsp&nbspOrder status: waiting for payment','Auction item sold');
insert into `Message`(`MessageID`,`sendtime`,`type`,`fromname`,`toname`,`status`,`message`,`title`) values (35,'2015-12-07 14:00:01',1,'Amabae','sxm624',0,'Congratulations! You win the auction of product " DetroitSamsung Galaxy S6"<br/>Seller:&nbsp&nbspTubie&nbsp&nbsp&nbsp&nbspYour bid price:&nbsp&nbsp$4535&nbsp&nbsp&nbsp&nbspOrder status:&nbsp&nbspwaiting for payment&nbsp&nbsp&nbsp&nbsp<br/>Shippingfee:&nbsp&nbsp$0&nbsp&nbsp&nbsp&nbspPay ID:&nbsp&nbsp23&nbsp&nbsp&nbsp&nbsp<a href="myorder.php" style="text-decoration:none">Go to my order</a>','Win an auction');
insert into `Message`(`MessageID`,`sendtime`,`type`,`fromname`,`toname`,`status`,`message`,`title`) values (36,'2015-12-07 15:34:30',1,'Amabae','Tubie',0,'sxm624&nbsp&nbsphas made payment for your product&nbsp&nbsp" DetroitSamsung Galaxy S6"&nbsp&nbspon auction. Please delivery.<br/>Address:<br/>&nbsp&nbsp&nbsp&nbsp715 W Cherry Ln, Apt 3<br/>&nbsp&nbsp&nbsp&nbspState College,&nbsp&nbspPA&nbsp&nbsp16803<br/>Phone:&nbsp&nbsp&nbsp&nbsp8147532775&nbsp&nbsp&nbsp&nbsp&nbsp&nbsp&nbsp&nbsp&nbsp
                                            &nbsp&nbsp&nbsp&nbsp&nbsp&nbsp&nbsp&nbsp&nbsp
                                            &nbsp&nbsp&nbsp&nbsp&nbsp&nbsp&nbsp&nbsp&nbsp
                                            &nbsp&nbsp&nbsp&nbsp&nbsp&nbsp&nbsp&nbsp&nbsp
                                            &nbsp&nbsp&nbsp&nbsp&nbsp&nbsp
                                            <a href="myselling.php" style="text-decoration:none">Go to my selling</a>','Paid and delivery');
insert into `Message`(`MessageID`,`sendtime`,`type`,`fromname`,`toname`,`status`,`message`,`title`) values (37,'2015-12-07 16:00:01',1,'Amabae','Sam',1,'Sorry, your product&nbsp&nbsp"Variety Puzzles and Games-Vol.30"&nbsp&nbspon auction didn''t sell.<br/>End time:&nbsp&nbsp2015-12-07 16:00:00&nbsp&nbsp&nbsp&nbspReserve price:&nbsp&nbsp$8<br/>Number of bidder:&nbsp&nbsp0&nbsp&nbsp&nbsp&nbspHighest price given by bidders:&nbsp&nbsp$','Item did not sell');
insert into `Message`(`MessageID`,`sendtime`,`type`,`fromname`,`toname`,`status`,`message`,`title`) values (38,'2015-12-07 20:00:01',1,'Amabae','barb456',1,'Sorry, your product&nbsp&nbsp"PUMA Women''s Pulse XT Geo Cross-Training Shoe"&nbsp&nbspon auction didn''t sell.<br/>End time:&nbsp&nbsp2015-12-07 20:00:00&nbsp&nbsp&nbsp&nbspReserve price:&nbsp&nbsp$125<br/>Number of bidder:&nbsp&nbsp0&nbsp&nbsp&nbsp&nbspHighest price given by bidders:&nbsp&nbsp$','Item did not sell');
insert into `Message`(`MessageID`,`sendtime`,`type`,`fromname`,`toname`,`status`,`message`,`title`) values (39,'2015-12-07 21:00:01',1,'Amabae','trudy',1,'Sorry, your product&nbsp&nbsp"Kindle Paperwhite"&nbsp&nbspon auction didn''t sell.<br/>End time:&nbsp&nbsp2015-12-07 21:00:00&nbsp&nbsp&nbsp&nbspReserve price:&nbsp&nbsp$119<br/>Number of bidder:&nbsp&nbsp0&nbsp&nbsp&nbsp&nbspHighest price given by bidders:&nbsp&nbsp$','Item did not sell');
insert into `Message`(`MessageID`,`sendtime`,`type`,`fromname`,`toname`,`status`,`message`,`title`) values (40,'2015-12-07 23:00:02',1,'Amabae','paddle',1,'Sorry, your product&nbsp&nbsp"Frigidaire FRA052XT7 5,000-BTU Mini Window Air Conditioner"&nbsp&nbspon auction didn''t sell.<br/>End time:&nbsp&nbsp2015-12-07 23:00:00&nbsp&nbsp&nbsp&nbspReserve price:&nbsp&nbsp$200<br/>Number of bidder:&nbsp&nbsp0&nbsp&nbsp&nbsp&nbspHighest price given by bidders:&nbsp&nbsp$','Item did not sell');
insert into `Message`(`MessageID`,`sendtime`,`type`,`fromname`,`toname`,`status`,`message`,`title`) values (41,'2015-12-08 00:00:01',1,'Amabae','tianqi',1,'Sorry, your product&nbsp&nbsp"IMUSA USA GAU-80306 1500W Electric Double Burner"&nbsp&nbspon auction didn''t sell.<br/>End time:&nbsp&nbsp2015-12-08 00:00:00&nbsp&nbsp&nbsp&nbspReserve price:&nbsp&nbsp$29<br/>Number of bidder:&nbsp&nbsp0&nbsp&nbsp&nbsp&nbspHighest price given by bidders:&nbsp&nbsp$','Item did not sell');
insert into `Message`(`MessageID`,`sendtime`,`type`,`fromname`,`toname`,`status`,`message`,`title`) values (42,'2015-12-08 09:21:16',1,'Amabae','trudy',1,'Sorry, your product&nbsp&nbsp"Samsung Galaxy Tab 4  "&nbsp&nbspon auction didn''t sell.<br/>End time:&nbsp&nbsp2015-12-08 09:00:00&nbsp&nbsp&nbsp&nbspReserve price:&nbsp&nbsp$89<br/>Number of bidder:&nbsp&nbsp0&nbsp&nbsp&nbsp&nbspHighest price given by bidders:&nbsp&nbsp$','Item did not sell');
insert into `Message`(`MessageID`,`sendtime`,`type`,`fromname`,`toname`,`status`,`message`,`title`) values (43,'2015-12-08 09:21:16',1,'Amabae','sxm624',0,'Sorry, your product&nbsp&nbsp"MY smart phone"&nbsp&nbspon auction didn''t sell.<br/>End time:&nbsp&nbsp2015-12-08 08:15:00&nbsp&nbsp&nbsp&nbspReserve price:&nbsp&nbsp$200<br/>Number of bidder:&nbsp&nbsp0&nbsp&nbsp&nbsp&nbspHighest price given by bidders:&nbsp&nbsp$','Item did not sell');
insert into `Message`(`MessageID`,`sendtime`,`type`,`fromname`,`toname`,`status`,`message`,`title`) values (44,'2015-12-08 15:00:01',1,'Amabae','kimi',0,'Sorry, your product&nbsp&nbsp" NOTE 3 STYLE 5.7, 3G android system."&nbsp&nbspon auction didn''t sell.<br/>End time:&nbsp&nbsp2015-12-08 15:00:00&nbsp&nbsp&nbsp&nbspReserve price:&nbsp&nbsp$476<br/>Number of bidder:&nbsp&nbsp0&nbsp&nbsp&nbsp&nbspHighest price given by bidders:&nbsp&nbsp$','Item did not sell');
insert into `Message`(`MessageID`,`sendtime`,`type`,`fromname`,`toname`,`status`,`message`,`title`) values (45,'2015-12-08 17:00:01',1,'Amabae','Tubie',0,'Sorry, your product&nbsp&nbsp"Every Day with Rachael Ray"&nbsp&nbspon auction didn''t sell.<br/>End time:&nbsp&nbsp2015-12-08 17:00:00&nbsp&nbsp&nbsp&nbspReserve price:&nbsp&nbsp$6<br/>Number of bidder:&nbsp&nbsp0&nbsp&nbsp&nbsp&nbspHighest price given by bidders:&nbsp&nbsp$','Item did not sell');
insert into `Message`(`MessageID`,`sendtime`,`type`,`fromname`,`toname`,`status`,`message`,`title`) values (46,'2015-12-08 18:40:28',1,'Amabae','sxm624',0,'kimi&nbsp&nbspbought&nbsp&nbsp1&nbsp&nbspof your product&nbsp&nbsp"xxxxxxxxxxxxxxxxxx"&nbsp&nbspand have paid.<br/>Please delivery.<br/>Address:<br/>&nbsp&nbsp&nbsp&nbspIce Road 23<br/>&nbsp&nbsp&nbsp&nbspGreat,&nbsp&nbspGuam&nbsp&nbsp29638<br/>Phone:&nbsp&nbsp&nbsp&nbsp812-5548738&nbsp&nbsp&nbsp&nbsp&nbsp&nbsp&nbsp&nbsp&nbsp
																		  &nbsp&nbsp&nbsp&nbsp&nbsp&nbsp&nbsp&nbsp&nbsp
																		  &nbsp&nbsp&nbsp&nbsp&nbsp&nbsp&nbsp&nbsp&nbsp
																		  &nbsp&nbsp&nbsp&nbsp&nbsp&nbsp&nbsp&nbsp&nbsp
																		  &nbsp&nbsp&nbsp&nbsp&nbsp&nbsp
																		  <a href="myselling.php" style="text-decoration:none">Go to my selling</a>','Paid and delivery');
insert into `Message`(`MessageID`,`sendtime`,`type`,`fromname`,`toname`,`status`,`message`,`title`) values (47,'2015-12-08 18:47:11',1,'Amabae','sxm624',0,'kimi&nbsp&nbspbought&nbsp&nbsp1&nbsp&nbspof your product&nbsp&nbsp"xxxxxxxxxxxxxxxxxx"&nbsp&nbspand have paid.<br/>Please delivery.<br/>Address:<br/>&nbsp&nbsp&nbsp&nbspIce Road 23<br/>&nbsp&nbsp&nbsp&nbspGreat,&nbsp&nbspGuam&nbsp&nbsp29638<br/>Phone:&nbsp&nbsp&nbsp&nbsp812-5548738&nbsp&nbsp&nbsp&nbsp&nbsp&nbsp&nbsp&nbsp&nbsp
																		  &nbsp&nbsp&nbsp&nbsp&nbsp&nbsp&nbsp&nbsp&nbsp
																		  &nbsp&nbsp&nbsp&nbsp&nbsp&nbsp&nbsp&nbsp&nbsp
																		  &nbsp&nbsp&nbsp&nbsp&nbsp&nbsp&nbsp&nbsp&nbsp
																		  &nbsp&nbsp&nbsp&nbsp&nbsp&nbsp
																		  <a href="myselling.php" style="text-decoration:none">Go to my selling</a>','Paid and delivery');
insert into `Message`(`MessageID`,`sendtime`,`type`,`fromname`,`toname`,`status`,`message`,`title`) values (48,'2015-12-08 19:10:22',1,'Amabae','kimi',0,'sxm624&nbsp&nbspbought&nbsp&nbsp1&nbsp&nbspof your product&nbsp&nbsp"aaaaa"&nbsp&nbspand have paid.<br/>Please delivery.<br/>Address:<br/>&nbsp&nbsp&nbsp&nbsp715 W Cherry Ln, Apt 3<br/>&nbsp&nbsp&nbsp&nbspState College,&nbsp&nbspPA&nbsp&nbsp16803<br/>Phone:&nbsp&nbsp&nbsp&nbsp8147532775&nbsp&nbsp&nbsp&nbsp&nbsp&nbsp&nbsp&nbsp&nbsp
																		  &nbsp&nbsp&nbsp&nbsp&nbsp&nbsp&nbsp&nbsp&nbsp
																		  &nbsp&nbsp&nbsp&nbsp&nbsp&nbsp&nbsp&nbsp&nbsp
																		  &nbsp&nbsp&nbsp&nbsp&nbsp&nbsp&nbsp&nbsp&nbsp
																		  &nbsp&nbsp&nbsp&nbsp&nbsp&nbsp
																		  <a href="myselling.php" style="text-decoration:none">Go to my selling</a>','Paid and delivery');
insert into `Message`(`MessageID`,`sendtime`,`type`,`fromname`,`toname`,`status`,`message`,`title`) values (49,'2015-12-08 19:53:44',1,'Amabae','seller',0,'Welcome to Amabae!','System notice');
insert into `Message`(`MessageID`,`sendtime`,`type`,`fromname`,`toname`,`status`,`message`,`title`) values (50,'2015-12-08 19:54:15',1,'Amabae','buyer1',0,'Welcome to Amabae!','System notice');
insert into `Message`(`MessageID`,`sendtime`,`type`,`fromname`,`toname`,`status`,`message`,`title`) values (51,'2015-12-08 19:54:49',1,'Amabae','buyer2',0,'Welcome to Amabae!','System notice');
insert into `Message`(`MessageID`,`sendtime`,`type`,`fromname`,`toname`,`status`,`message`,`title`) values (52,'2015-12-08 20:03:01',1,'Amabae','kimi',0,'sxm624&nbsp&nbspbought&nbsp&nbsp2&nbsp&nbspof your product&nbsp&nbsp"aaaaa"&nbsp&nbspand have paid.<br/>Please delivery.<br/>Address:<br/>&nbsp&nbsp&nbsp&nbsp715 W Cherry Ln, Apt 3<br/>&nbsp&nbsp&nbsp&nbspState College,&nbsp&nbspPA&nbsp&nbsp16803<br/>Phone:&nbsp&nbsp&nbsp&nbsp8147532775&nbsp&nbsp&nbsp&nbsp&nbsp&nbsp&nbsp&nbsp&nbsp
																		  &nbsp&nbsp&nbsp&nbsp&nbsp&nbsp&nbsp&nbsp&nbsp
																		  &nbsp&nbsp&nbsp&nbsp&nbsp&nbsp&nbsp&nbsp&nbsp
																		  &nbsp&nbsp&nbsp&nbsp&nbsp&nbsp&nbsp&nbsp&nbsp
																		  &nbsp&nbsp&nbsp&nbsp&nbsp&nbsp
																		  <a href="myselling.php" style="text-decoration:none">Go to my selling</a>','Paid and delivery');
insert into `Message`(`MessageID`,`sendtime`,`type`,`fromname`,`toname`,`status`,`message`,`title`) values (53,'2015-12-08 20:07:43',1,'Amabae','kimi',0,'sxm624&nbsp&nbspbought&nbsp&nbsp1&nbsp&nbspof your product&nbsp&nbsp"aaaaa"&nbsp&nbspand have paid.<br/>Please delivery.<br/>Address:<br/>&nbsp&nbsp&nbsp&nbsp715 W Cherry Ln, Apt 3<br/>&nbsp&nbsp&nbsp&nbspState College,&nbsp&nbspPA&nbsp&nbsp16803<br/>Phone:&nbsp&nbsp&nbsp&nbsp8147532775&nbsp&nbsp&nbsp&nbsp&nbsp&nbsp&nbsp&nbsp&nbsp
																		  &nbsp&nbsp&nbsp&nbsp&nbsp&nbsp&nbsp&nbsp&nbsp
																		  &nbsp&nbsp&nbsp&nbsp&nbsp&nbsp&nbsp&nbsp&nbsp
																		  &nbsp&nbsp&nbsp&nbsp&nbsp&nbsp&nbsp&nbsp&nbsp
																		  &nbsp&nbsp&nbsp&nbsp&nbsp&nbsp
																		  <a href="myselling.php" style="text-decoration:none">Go to my selling</a>','Paid and delivery');
insert into `Message`(`MessageID`,`sendtime`,`type`,`fromname`,`toname`,`status`,`message`,`title`) values (54,'2015-12-08 20:20:31',1,'Amabae','seller',0,'buyer2&nbsp&nbspbought&nbsp&nbsp1&nbsp&nbspof your product&nbsp&nbsp"old phones"&nbsp&nbspand have paid.<br/>Please delivery.<br/>Address:<br/>&nbsp&nbsp&nbsp&nbspSandy Ln Apt 103<br/>&nbsp&nbsp&nbsp&nbspNew York,&nbsp&nbspNew York&nbsp&nbsp34050<br/>Phone:&nbsp&nbsp&nbsp&nbsp814-4414376&nbsp&nbsp&nbsp&nbsp&nbsp&nbsp&nbsp&nbsp&nbsp
																		  &nbsp&nbsp&nbsp&nbsp&nbsp&nbsp&nbsp&nbsp&nbsp
																		  &nbsp&nbsp&nbsp&nbsp&nbsp&nbsp&nbsp&nbsp&nbsp
																		  &nbsp&nbsp&nbsp&nbsp&nbsp&nbsp&nbsp&nbsp&nbsp
																		  &nbsp&nbsp&nbsp&nbsp&nbsp&nbsp
																		  <a href="myselling.php" style="text-decoration:none">Go to my selling</a>','Paid and delivery');
insert into `Message`(`MessageID`,`sendtime`,`type`,`fromname`,`toname`,`status`,`message`,`title`) values (55,'2015-12-08 20:25:01',1,'Amabae','seller',0,'Congratulations! Your product&nbsp&nbsp"old smart phone"&nbsp&nbspon auction was won by bidder&nbsp&nbspbuyer2.<br/>End time:&nbsp&nbsp2015-12-08 20:25:00&nbsp&nbsp&nbsp&nbspReserve price:&nbsp&nbsp$100&nbsp&nbsp&nbsp&nbspNumber of bidder:&nbsp&nbsp2<br/>Price given by&nbsp&nbspbuyer2:&nbsp&nbsp$300&nbsp&nbsp&nbsp&nbspOrder status: waiting for payment','Auction item sold');
insert into `Message`(`MessageID`,`sendtime`,`type`,`fromname`,`toname`,`status`,`message`,`title`) values (56,'2015-12-08 20:25:01',1,'Amabae','buyer2',0,'Congratulations! You win the auction of product "old smart phone"<br/>Seller:&nbsp&nbspseller&nbsp&nbsp&nbsp&nbspYour bid price:&nbsp&nbsp$300&nbsp&nbsp&nbsp&nbspOrder status:&nbsp&nbspwaiting for payment&nbsp&nbsp&nbsp&nbsp<br/>Shippingfee:&nbsp&nbsp$0&nbsp&nbsp&nbsp&nbspPay ID:&nbsp&nbsp30&nbsp&nbsp&nbsp&nbsp<a href="myorder.php" style="text-decoration:none">Go to my order</a>','Win an auction');
insert into `Message`(`MessageID`,`sendtime`,`type`,`fromname`,`toname`,`status`,`message`,`title`) values (57,'2015-12-08 20:25:39',1,'Amabae','seller',0,'buyer2&nbsp&nbsphas made payment for your product&nbsp&nbsp"old smart phone"&nbsp&nbspon auction. Please delivery.<br/>Address:<br/>&nbsp&nbsp&nbsp&nbspSandy Ln Apt 103<br/>&nbsp&nbsp&nbsp&nbspNew York,&nbsp&nbspNew York&nbsp&nbsp34050<br/>Phone:&nbsp&nbsp&nbsp&nbsp814-4414376&nbsp&nbsp&nbsp&nbsp&nbsp&nbsp&nbsp&nbsp&nbsp
                                            &nbsp&nbsp&nbsp&nbsp&nbsp&nbsp&nbsp&nbsp&nbsp
                                            &nbsp&nbsp&nbsp&nbsp&nbsp&nbsp&nbsp&nbsp&nbsp
                                            &nbsp&nbsp&nbsp&nbsp&nbsp&nbsp&nbsp&nbsp&nbsp
                                            &nbsp&nbsp&nbsp&nbsp&nbsp&nbsp
                                            <a href="myselling.php" style="text-decoration:none">Go to my selling</a>','Paid and delivery');
insert into `Message`(`MessageID`,`sendtime`,`type`,`fromname`,`toname`,`status`,`message`,`title`) values (58,'2015-12-09 08:13:12',1,'Amabae','zhang',0,'Welcome to Amabae!','System notice');
insert into `Message`(`MessageID`,`sendtime`,`type`,`fromname`,`toname`,`status`,`message`,`title`) values (59,'2015-12-09 08:28:40',1,'Amabae','s',0,'Welcome to Amabae!','System notice');
insert into `Message`(`MessageID`,`sendtime`,`type`,`fromname`,`toname`,`status`,`message`,`title`) values (60,'2015-12-09 08:31:01',1,'Amabae','s',0,'Sorry, your product&nbsp&nbsp"abcabc"&nbsp&nbspon auction didn''t sell.<br/>End time:&nbsp&nbsp0015-12-09 08:32:00&nbsp&nbsp&nbsp&nbspReserve price:&nbsp&nbsp$100<br/>Number of bidder:&nbsp&nbsp0&nbsp&nbsp&nbsp&nbspHighest price given by bidders:&nbsp&nbsp$','Item did not sell');
insert into `Message`(`MessageID`,`sendtime`,`type`,`fromname`,`toname`,`status`,`message`,`title`) values (61,'2015-12-09 08:36:01',1,'Amabae','s',1,'Congratulations! Your product&nbsp&nbsp"abcabcabc"&nbsp&nbspon auction was won by bidder&nbsp&nbspbuyer2.<br/>End time:&nbsp&nbsp2015-12-09 08:36:00&nbsp&nbsp&nbsp&nbspReserve price:&nbsp&nbsp$199&nbsp&nbsp&nbsp&nbspNumber of bidder:&nbsp&nbsp2<br/>Price given by&nbsp&nbspbuyer2:&nbsp&nbsp$205&nbsp&nbsp&nbsp&nbspOrder status: waiting for payment','Auction item sold');
insert into `Message`(`MessageID`,`sendtime`,`type`,`fromname`,`toname`,`status`,`message`,`title`) values (62,'2015-12-09 08:36:01',1,'Amabae','buyer2',0,'Congratulations! You win the auction of product "abcabcabc"<br/>Seller:&nbsp&nbsps&nbsp&nbsp&nbsp&nbspYour bid price:&nbsp&nbsp$205&nbsp&nbsp&nbsp&nbspOrder status:&nbsp&nbspwaiting for payment&nbsp&nbsp&nbsp&nbsp<br/>Shippingfee:&nbsp&nbsp$10&nbsp&nbsp&nbsp&nbspPay ID:&nbsp&nbsp31&nbsp&nbsp&nbsp&nbsp<a href="myorder.php" style="text-decoration:none">Go to my order</a>','Win an auction');
insert into `Message`(`MessageID`,`sendtime`,`type`,`fromname`,`toname`,`status`,`message`,`title`) values (63,'2015-12-09 11:24:47',1,'Amabae','asdfsaffdsf',0,'Welcome to Amabae!','System notice');
insert into `Message`(`MessageID`,`sendtime`,`type`,`fromname`,`toname`,`status`,`message`,`title`) values (64,'2015-12-09 11:26:01',1,'Amabae','kimi',0,'Congratulations! Your product&nbsp&nbsp"kimikimikimikimi"&nbsp&nbspon auction was won by bidder&nbsp&nbspsxm624.<br/>End time:&nbsp&nbsp2015-12-09 11:26:00&nbsp&nbsp&nbsp&nbspReserve price:&nbsp&nbsp$100&nbsp&nbsp&nbsp&nbspNumber of bidder:&nbsp&nbsp2<br/>Price given by&nbsp&nbspsxm624:&nbsp&nbsp$400&nbsp&nbsp&nbsp&nbspOrder status: waiting for payment','Auction item sold');
insert into `Message`(`MessageID`,`sendtime`,`type`,`fromname`,`toname`,`status`,`message`,`title`) values (65,'2015-12-09 11:26:01',1,'Amabae','sxm624',0,'Congratulations! You win the auction of product "kimikimikimikimi"<br/>Seller:&nbsp&nbspkimi&nbsp&nbsp&nbsp&nbspYour bid price:&nbsp&nbsp$400&nbsp&nbsp&nbsp&nbspOrder status:&nbsp&nbspwaiting for payment&nbsp&nbsp&nbsp&nbsp<br/>Shippingfee:&nbsp&nbsp$0&nbsp&nbsp&nbsp&nbspPay ID:&nbsp&nbsp32&nbsp&nbsp&nbsp&nbsp<a href="myorder.php" style="text-decoration:none">Go to my order</a>','Win an auction');
insert into `Message`(`MessageID`,`sendtime`,`type`,`fromname`,`toname`,`status`,`message`,`title`) values (66,'2015-12-09 11:26:38',1,'Amabae','kimi',0,'sxm624&nbsp&nbsphas made payment for your product&nbsp&nbsp"kimikimikimikimi"&nbsp&nbspon auction. Please delivery.<br/>Address:<br/>&nbsp&nbsp&nbsp&nbsp715 W Cherry Ln, Apt 3<br/>&nbsp&nbsp&nbsp&nbspState College,&nbsp&nbspPA&nbsp&nbsp16803<br/>Phone:&nbsp&nbsp&nbsp&nbsp8147532775&nbsp&nbsp&nbsp&nbsp&nbsp&nbsp&nbsp&nbsp&nbsp
                                            &nbsp&nbsp&nbsp&nbsp&nbsp&nbsp&nbsp&nbsp&nbsp
                                            &nbsp&nbsp&nbsp&nbsp&nbsp&nbsp&nbsp&nbsp&nbsp
                                            &nbsp&nbsp&nbsp&nbsp&nbsp&nbsp&nbsp&nbsp&nbsp
                                            &nbsp&nbsp&nbsp&nbsp&nbsp&nbsp
                                            <a href="myselling.php" style="text-decoration:none">Go to my selling</a>','Paid and delivery');
insert into `Message`(`MessageID`,`sendtime`,`type`,`fromname`,`toname`,`status`,`message`,`title`) values (67,'2015-12-09 11:55:01',1,'Amabae','kimi',0,'Congratulations! Your product&nbsp&nbsp"kkkkkkkk"&nbsp&nbspon auction was won by bidder&nbsp&nbspbob.<br/>End time:&nbsp&nbsp2015-12-09 11:55:00&nbsp&nbsp&nbsp&nbspReserve price:&nbsp&nbsp$100&nbsp&nbsp&nbsp&nbspNumber of bidder:&nbsp&nbsp2<br/>Price given by&nbsp&nbspbob:&nbsp&nbsp$300&nbsp&nbsp&nbsp&nbspOrder status: waiting for payment','Auction item sold');
insert into `Message`(`MessageID`,`sendtime`,`type`,`fromname`,`toname`,`status`,`message`,`title`) values (68,'2015-12-09 11:55:01',1,'Amabae','bob',0,'Congratulations! You win the auction of product "kkkkkkkk"<br/>Seller:&nbsp&nbspkimi&nbsp&nbsp&nbsp&nbspYour bid price:&nbsp&nbsp$300&nbsp&nbsp&nbsp&nbspOrder status:&nbsp&nbspwaiting for payment&nbsp&nbsp&nbsp&nbsp<br/>Shippingfee:&nbsp&nbsp$2.95&nbsp&nbsp&nbsp&nbspPay ID:&nbsp&nbsp33&nbsp&nbsp&nbsp&nbsp<a href="myorder.php" style="text-decoration:none">Go to my order</a>','Win an auction');
insert into `Message`(`MessageID`,`sendtime`,`type`,`fromname`,`toname`,`status`,`message`,`title`) values (69,'2015-12-09 13:03:58',1,'Amabae','kimi',0,'sxm624&nbsp&nbspbought&nbsp&nbsp1&nbsp&nbspof your product&nbsp&nbsp"aaaaa"&nbsp&nbspand have paid.<br/>Please delivery.<br/>Address:<br/>&nbsp&nbsp&nbsp&nbsp715 W Cherry Ln, Apt 3<br/>&nbsp&nbsp&nbsp&nbspState College,&nbsp&nbspPA&nbsp&nbsp16803<br/>Phone:&nbsp&nbsp&nbsp&nbsp8147532775&nbsp&nbsp&nbsp&nbsp&nbsp&nbsp&nbsp&nbsp&nbsp
																		  &nbsp&nbsp&nbsp&nbsp&nbsp&nbsp&nbsp&nbsp&nbsp
																		  &nbsp&nbsp&nbsp&nbsp&nbsp&nbsp&nbsp&nbsp&nbsp
																		  &nbsp&nbsp&nbsp&nbsp&nbsp&nbsp&nbsp&nbsp&nbsp
																		  &nbsp&nbsp&nbsp&nbsp&nbsp&nbsp
																		  <a href="myselling.php" style="text-decoration:none">Go to my selling</a>','Paid and delivery');
insert into `Message`(`MessageID`,`sendtime`,`type`,`fromname`,`toname`,`status`,`message`,`title`) values (70,'2015-12-10 10:59:43',1,'Amabae','',1,'sxm624&nbsp&nbspbought&nbsp&nbsp1&nbsp&nbspof your product&nbsp&nbsp"Apple MacBook Air MJVM2LL/A 11.6-Inch Laptop (1.6 GHz Intel Core i5, 128 GB Hard Drive, Integrated Intel HD Graphics 6000, Mac OS X 10.10 Yosemite)"&nbsp&nbspand have paid.<br/>Please delivery.<br/>Address:<br/>&nbsp&nbsp&nbsp&nbsp715 W Cherry Ln, Apt 3<br/>&nbsp&nbsp&nbsp&nbspState College,&nbsp&nbspPA&nbsp&nbsp16803<br/>Phone:&nbsp&nbsp&nbsp&nbsp8147532775&nbsp&nbsp&nbsp&nbsp&nbsp&nbsp&nbsp&nbsp&nbsp
																		  &nbsp&nbsp&nbsp&nbsp&nbsp&nbsp&nbsp&nbsp&nbsp
																		  &nbsp&nbsp&nbsp&nbsp&nbsp&nbsp&nbsp&nbsp&nbsp
																		  &nbsp&nbsp&nbsp&nbsp&nbsp&nbsp&nbsp&nbsp&nbsp
																		  &nbsp&nbsp&nbsp&nbsp&nbsp&nbsp
																		  <a href="myselling.php" style="text-decoration:none">Go to my selling</a>','Paid and delivery');
insert into `Message`(`MessageID`,`sendtime`,`type`,`fromname`,`toname`,`status`,`message`,`title`) values (71,'2015-12-10 11:15:00',1,'Amabae','kimi',0,'sxm624&nbsp&nbspbought&nbsp&nbsp1&nbsp&nbspof your product&nbsp&nbsp"aaaaa"&nbsp&nbspand have paid.<br/>Please delivery.<br/>Address:<br/>&nbsp&nbsp&nbsp&nbsp715 W Cherry Ln, Apt 3<br/>&nbsp&nbsp&nbsp&nbspState College,&nbsp&nbspPA&nbsp&nbsp16803<br/>Phone:&nbsp&nbsp&nbsp&nbsp8147532775&nbsp&nbsp&nbsp&nbsp&nbsp&nbsp&nbsp&nbsp&nbsp
																		  &nbsp&nbsp&nbsp&nbsp&nbsp&nbsp&nbsp&nbsp&nbsp
																		  &nbsp&nbsp&nbsp&nbsp&nbsp&nbsp&nbsp&nbsp&nbsp
																		  &nbsp&nbsp&nbsp&nbsp&nbsp&nbsp&nbsp&nbsp&nbsp
																		  &nbsp&nbsp&nbsp&nbsp&nbsp&nbsp
																		  <a href="myselling.php" style="text-decoration:none">Go to my selling</a>','Paid and delivery');
insert into `Message`(`MessageID`,`sendtime`,`type`,`fromname`,`toname`,`status`,`message`,`title`) values (72,'2015-12-10 12:01:28',1,'Amabae','11111111111111111111',1,'Welcome to Amabae!','System notice');
insert into `Message`(`MessageID`,`sendtime`,`type`,`fromname`,`toname`,`status`,`message`,`title`) values (73,'2015-12-10 12:08:01',1,'Amabae','kimi',0,'Congratulations! Your product&nbsp&nbsp"zzzzzzzzzzzzzzzzzzzzzzzzzzzz"&nbsp&nbspon auction was won by bidder&nbsp&nbspsxm624.<br/>End time:&nbsp&nbsp2015-12-10 12:08:00&nbsp&nbsp&nbsp&nbspReserve price:&nbsp&nbsp$100&nbsp&nbsp&nbsp&nbspNumber of bidder:&nbsp&nbsp2<br/>Price given by&nbsp&nbspsxm624:&nbsp&nbsp$300&nbsp&nbsp&nbsp&nbspOrder status: waiting for payment','Auction item sold');
insert into `Message`(`MessageID`,`sendtime`,`type`,`fromname`,`toname`,`status`,`message`,`title`) values (74,'2015-12-10 12:08:01',1,'Amabae','sxm624',0,'Congratulations! You win the auction of product "zzzzzzzzzzzzzzzzzzzzzzzzzzzz"<br/>Seller:&nbsp&nbspkimi&nbsp&nbsp&nbsp&nbspYour bid price:&nbsp&nbsp$300&nbsp&nbsp&nbsp&nbspOrder status:&nbsp&nbspwaiting for payment&nbsp&nbsp&nbsp&nbsp<br/>Shippingfee:&nbsp&nbsp$0&nbsp&nbsp&nbsp&nbspPay ID:&nbsp&nbsp37&nbsp&nbsp&nbsp&nbsp<a href="myorder.php" style="text-decoration:none">Go to my order</a>','Win an auction');
insert into `Message`(`MessageID`,`sendtime`,`type`,`fromname`,`toname`,`status`,`message`,`title`) values (75,'2015-12-10 12:10:37',1,'Amabae','kimi',0,'sxm624&nbsp&nbsphas made payment for your product&nbsp&nbsp"zzzzzzzzzzzzzzzzzzzzzzzzzzzz"&nbsp&nbspon auction. Please delivery.<br/>Address:<br/>&nbsp&nbsp&nbsp&nbsp715 W Cherry Ln, Apt 3<br/>&nbsp&nbsp&nbsp&nbspState College,&nbsp&nbspPA&nbsp&nbsp16803<br/>Phone:&nbsp&nbsp&nbsp&nbsp8147532775&nbsp&nbsp&nbsp&nbsp&nbsp&nbsp&nbsp&nbsp&nbsp
                                            &nbsp&nbsp&nbsp&nbsp&nbsp&nbsp&nbsp&nbsp&nbsp
                                            &nbsp&nbsp&nbsp&nbsp&nbsp&nbsp&nbsp&nbsp&nbsp
                                            &nbsp&nbsp&nbsp&nbsp&nbsp&nbsp&nbsp&nbsp&nbsp
                                            &nbsp&nbsp&nbsp&nbsp&nbsp&nbsp
                                            <a href="myselling.php" style="text-decoration:none">Go to my selling</a>','Paid and delivery');
insert into `Message`(`MessageID`,`sendtime`,`type`,`fromname`,`toname`,`status`,`message`,`title`) values (76,'2015-12-10 12:35:28',1,'Amabae','kimi',0,'Kimi&nbsp&nbspbought&nbsp&nbsp1&nbsp&nbspof your product&nbsp&nbsp"aaaaa"&nbsp&nbspand have paid.<br/>Please delivery.<br/>Address:<br/>&nbsp&nbsp&nbsp&nbspIce Road 23<br/>&nbsp&nbsp&nbsp&nbspGreat,&nbsp&nbspGuam&nbsp&nbsp29638<br/>Phone:&nbsp&nbsp&nbsp&nbsp812-5548738&nbsp&nbsp&nbsp&nbsp&nbsp&nbsp&nbsp&nbsp&nbsp
																		  &nbsp&nbsp&nbsp&nbsp&nbsp&nbsp&nbsp&nbsp&nbsp
																		  &nbsp&nbsp&nbsp&nbsp&nbsp&nbsp&nbsp&nbsp&nbsp
																		  &nbsp&nbsp&nbsp&nbsp&nbsp&nbsp&nbsp&nbsp&nbsp
																		  &nbsp&nbsp&nbsp&nbsp&nbsp&nbsp
																		  <a href="myselling.php" style="text-decoration:none">Go to my selling</a>','Paid and delivery');
insert into `Message`(`MessageID`,`sendtime`,`type`,`fromname`,`toname`,`status`,`message`,`title`) values (77,'2015-12-10 16:09:21',1,'Amabae','1',0,'Welcome to Amabae!','System notice');
insert into `Message`(`MessageID`,`sendtime`,`type`,`fromname`,`toname`,`status`,`message`,`title`) values (78,'2015-12-10 16:12:07',1,'Amabae','2',0,'Welcome to Amabae!','System notice');
insert into `Message`(`MessageID`,`sendtime`,`type`,`fromname`,`toname`,`status`,`message`,`title`) values (79,'2015-12-10 17:38:00',1,'Amabae','33',0,'Welcome to Amabae!','System notice');
insert into `Message`(`MessageID`,`sendtime`,`type`,`fromname`,`toname`,`status`,`message`,`title`) values (80,'2015-12-10 20:33:52',1,'Amabae','55',0,'Welcome to Amabae!','System notice');
insert into `Message`(`MessageID`,`sendtime`,`type`,`fromname`,`toname`,`status`,`message`,`title`) values (81,'2015-12-10 23:34:37',1,'sxm624','bob',0,'',' CyberpowerPC Gamer');
insert into `Message`(`MessageID`,`sendtime`,`type`,`fromname`,`toname`,`status`,`message`,`title`) values (82,'2015-12-10 23:57:31',1,'bob','bo',1,'',' CyberpowerPC Gamer');
insert into `Message`(`MessageID`,`sendtime`,`type`,`fromname`,`toname`,`status`,`message`,`title`) values (83,'2015-12-11 00:09:18',1,'bob','bob',0,'&nbsp&nbsp&nbsp<a href=<a href="usermessage.php?sellername=bob&itemname= CyberpowerPC Gamer Ultra GUA880" style="font-family:arial,sans-serif;font-size:20pt;color:blue;text-decoration:none">Reply</a>',' CyberpowerPC Gamer');
insert into `Message`(`MessageID`,`sendtime`,`type`,`fromname`,`toname`,`status`,`message`,`title`) values (84,'2015-12-11 00:19:45',1,'bob','Tubie',0,'&nbsp&nbsp&nbsp<a href="usermessage.php?sellername=bob&itemname=RE:&nbsp DetroitSamsung Galaxy S6" style="font-family:arial,sans-serif;font-size:11pt;color:blue;text-decoration:none">Reply</a>',' DetroitSamsung Gala');
insert into `Message`(`MessageID`,`sendtime`,`type`,`fromname`,`toname`,`status`,`message`,`title`) values (85,'2015-12-11 00:23:28',1,'tubie','bob',0,'hi&nbsp&nbsp&nbsp&nbsp&nbsp<a href="usermessage.php?sellername=tubie&itemname=RE:&nbsp CyberpowerPC Gamer Ultra GUA880" style="font-family:arial,sans-serif;font-size:11pt;color:blue;text-decoration:none">Reply</a>',' CyberpowerPC Gamer Ultra GUA880');
insert into `Message`(`MessageID`,`sendtime`,`type`,`fromname`,`toname`,`status`,`message`,`title`) values (86,'2015-12-11 00:25:20',1,'tubie','bob',0,'ssssss&nbsp&nbsp&nbsp&nbsp&nbsp&nbsp&nbsp&nbsp&nbsp&nbsp&nbsp&nbsp&nbsp&nbsp&nbsp<a href="usermessage.php?sellername=tubie&itemname=RE:&nbsp CyberpowerPC Gamer Ultra GUA880" style="font-family:arial,sans-serif;font-size:11pt;color:blue;text-decoration:none">Reply</a>',' CyberpowerPC Gamer Ultra GUA880');
insert into `Message`(`MessageID`,`sendtime`,`type`,`fromname`,`toname`,`status`,`message`,`title`) values (87,'2015-12-11 00:25:57',1,'bob','tubie',0,'tttttt&nbsp&nbsp&nbsp&nbsp&nbsp&nbsp&nbsp&nbsp&nbsp&nbsp&nbsp&nbsp&nbsp&nbsp&nbsp<a href="usermessage.php?sellername=bob&itemname=RE:&nbspRE:?}? CyberpowerPC Gamer Ultra GUA880" style="font-family:arial,sans-serif;font-size:11pt;color:blue;text-decoration:none">Reply</a>','RE:?}? CyberpowerPC Gamer Ultra GUA880');
insert into `Message`(`MessageID`,`sendtime`,`type`,`fromname`,`toname`,`status`,`message`,`title`) values (88,'2015-12-11 07:44:24',1,'buyer1','seller',0,'Hi&nbsp&nbsp&nbsp&nbsp&nbsp&nbsp&nbsp&nbsp&nbsp&nbsp&nbsp&nbsp&nbsp&nbsp&nbsp<a href="usermessage.php?sellername=buyer1&itemname=RE:&nbspLeslie" style="font-family:arial,sans-serif;font-size:11pt;color:blue;text-decoration:none">Reply</a>','Leslie');
insert into `Message`(`MessageID`,`sendtime`,`type`,`fromname`,`toname`,`status`,`message`,`title`) values (89,'2015-12-11 07:52:44',1,'seller','Tubie',0,'sdfsdfds&nbsp&nbsp&nbsp&nbsp&nbsp&nbsp&nbsp&nbsp&nbsp&nbsp&nbsp&nbsp&nbsp&nbsp&nbsp<a href="usermessage.php?sellername=seller&itemname=RE:&nbsp DetroitSamsung Galaxy S6" style="font-family:arial,sans-serif;font-size:11pt;color:blue;text-decoration:none">Reply</a>',' DetroitSamsung Galaxy S6');
insert into `Message`(`MessageID`,`sendtime`,`type`,`fromname`,`toname`,`status`,`message`,`title`) values (90,'2015-12-11 07:53:04',1,'tubie','seller',0,'adsasdsa&nbsp&nbsp&nbsp&nbsp&nbsp&nbsp&nbsp&nbsp&nbsp&nbsp&nbsp&nbsp&nbsp&nbsp&nbsp<a href="usermessage.php?sellername=tubie&itemname=RE:&nbspRE:?}? DetroitSamsung Galaxy S6" style="font-family:arial,sans-serif;font-size:11pt;color:blue;text-decoration:none">Reply</a>','RE:?}? DetroitSamsung Galaxy S6');
insert into `Message`(`MessageID`,`sendtime`,`type`,`fromname`,`toname`,`status`,`message`,`title`) values (91,'2015-12-11 08:27:38',1,'Amabae','cagt',0,'Welcome to Amabae!','System notice');
insert into `Message`(`MessageID`,`sendtime`,`type`,`fromname`,`toname`,`status`,`message`,`title`) values (92,'2015-12-11 08:31:01',1,'Amabae','seller',0,'Congratulations! Your product&nbsp&nbsp"Two Cats"&nbsp&nbspon auction was won by bidder&nbsp&nbspbuyer2.<br/>End time:&nbsp&nbsp2015-12-11 08:31:00&nbsp&nbsp&nbsp&nbspReserve price:&nbsp&nbsp$100&nbsp&nbsp&nbsp&nbspNumber of bidder:&nbsp&nbsp2<br/>Price given by&nbsp&nbspbuyer2:&nbsp&nbsp$150&nbsp&nbsp&nbsp&nbspOrder status: waiting for payment','Auction item sold');
insert into `Message`(`MessageID`,`sendtime`,`type`,`fromname`,`toname`,`status`,`message`,`title`) values (93,'2015-12-11 08:31:01',1,'Amabae','buyer2',0,'Congratulations! You win the auction of product "Two Cats"<br/>Seller:&nbsp&nbspseller&nbsp&nbsp&nbsp&nbspYour bid price:&nbsp&nbsp$150&nbsp&nbsp&nbsp&nbspOrder status:&nbsp&nbspwaiting for payment&nbsp&nbsp&nbsp&nbsp<br/>Shippingfee:&nbsp&nbsp$40&nbsp&nbsp&nbsp&nbspPay ID:&nbsp&nbsp39&nbsp&nbsp&nbsp&nbsp<a href="myorder.php" style="text-decoration:none">Go to my order</a>','Win an auction');
insert into `Message`(`MessageID`,`sendtime`,`type`,`fromname`,`toname`,`status`,`message`,`title`) values (94,'2015-12-11 08:31:22',1,'Amabae','seller',0,'buyer2&nbsp&nbsphas made payment for your product&nbsp&nbsp"Two Cats"&nbsp&nbspon auction. Please delivery.<br/>Address:<br/>&nbsp&nbsp&nbsp&nbspSandy Ln Apt 103<br/>&nbsp&nbsp&nbsp&nbspNew York,&nbsp&nbspNew York&nbsp&nbsp34050<br/>Phone:&nbsp&nbsp&nbsp&nbsp814-4414376&nbsp&nbsp&nbsp&nbsp&nbsp&nbsp&nbsp&nbsp&nbsp
                                            &nbsp&nbsp&nbsp&nbsp&nbsp&nbsp&nbsp&nbsp&nbsp
                                            &nbsp&nbsp&nbsp&nbsp&nbsp&nbsp&nbsp&nbsp&nbsp
                                            &nbsp&nbsp&nbsp&nbsp&nbsp&nbsp&nbsp&nbsp&nbsp
                                            &nbsp&nbsp&nbsp&nbsp&nbsp&nbsp
                                            <a href="myselling.php" style="text-decoration:none">Go to my selling</a>','Paid and delivery');
insert into `Message`(`MessageID`,`sendtime`,`type`,`fromname`,`toname`,`status`,`message`,`title`) values (95,'2015-12-11 08:32:25',1,'seller','bob',0,'hey i like you desktop&nbsp&nbsp&nbsp&nbsp&nbsp&nbsp&nbsp&nbsp&nbsp&nbsp&nbsp&nbsp&nbsp&nbsp&nbsp<a href="usermessage.php?sellername=seller&itemname=RE:&nbsp CyberpowerPC Gamer Ultra GUA880" style="font-family:arial,sans-serif;font-size:11pt;color:blue;text-decoration:none">Reply</a>',' CyberpowerPC Gamer Ultra GUA880');
insert into `Message`(`MessageID`,`sendtime`,`type`,`fromname`,`toname`,`status`,`message`,`title`) values (96,'2015-12-11 08:32:46',1,'bob','seller',0,'jkdlfjlds&nbsp&nbsp&nbsp&nbsp&nbsp&nbsp&nbsp&nbsp&nbsp&nbsp&nbsp&nbsp&nbsp&nbsp&nbsp<a href="usermessage.php?sellername=bob&itemname=RE:&nbspRE:?}? CyberpowerPC Gamer Ultra GUA880" style="font-family:arial,sans-serif;font-size:11pt;color:blue;text-decoration:none">Reply</a>','RE:?}? CyberpowerPC Gamer Ultra GUA880');
insert into `Message`(`MessageID`,`sendtime`,`type`,`fromname`,`toname`,`status`,`message`,`title`) values (97,'2015-12-11 10:23:44',1,'Amabae','seller',0,'Sorry, your product&nbsp&nbsp"Leslie1"&nbsp&nbspon auction didn''t sell.<br/>End time:&nbsp&nbsp2015-12-11 10:00:00&nbsp&nbsp&nbsp&nbspReserve price:&nbsp&nbsp$100<br/>Number of bidder:&nbsp&nbsp0&nbsp&nbsp&nbsp&nbspHighest price given by bidders:&nbsp&nbsp$','Item did not sell');
insert into `Message`(`MessageID`,`sendtime`,`type`,`fromname`,`toname`,`status`,`message`,`title`) values (98,'2015-12-11 14:06:46',1,'bob','sxm624',0,'wwwww&nbsp&nbsp&nbsp&nbsp&nbsp&nbsp&nbsp&nbsp&nbsp&nbsp&nbsp&nbsp&nbsp&nbsp&nbsp<a href="usermessage.php?sellername=bob&itemname=RE:&nbsp CyberpowerPC Gamer Ultra GUA880" style="font-family:arial,sans-serif;font-size:11pt;color:blue;text-decoration:none">Reply</a>',' CyberpowerPC Gamer Ultra GUA880');
insert into `Message`(`MessageID`,`sendtime`,`type`,`fromname`,`toname`,`status`,`message`,`title`) values (99,'2015-12-17 11:19:40',1,'Amabae','Sam',1,'Sorry, your product&nbsp&nbsp"Iphone 6s"&nbsp&nbspon auction didn''t sell.<br/>End time:&nbsp&nbsp2015-12-15 00:00:00&nbsp&nbsp&nbsp&nbspReserve price:&nbsp&nbsp$688<br/>Number of bidder:&nbsp&nbsp0&nbsp&nbsp&nbsp&nbspHighest price given by bidders:&nbsp&nbsp$','Item did not sell');
insert into `Message`(`MessageID`,`sendtime`,`type`,`fromname`,`toname`,`status`,`message`,`title`) values (100,'2015-12-17 11:19:40',1,'Amabae','Houbing',1,'Sorry, your product&nbsp&nbsp"Iphone 6s plus,  New York"&nbsp&nbspon auction didn''t sell.<br/>End time:&nbsp&nbsp2015-12-15 00:00:00&nbsp&nbsp&nbsp&nbspReserve price:&nbsp&nbsp$689<br/>Number of bidder:&nbsp&nbsp0&nbsp&nbsp&nbsp&nbspHighest price given by bidders:&nbsp&nbsp$','Item did not sell');
insert into `Message`(`MessageID`,`sendtime`,`type`,`fromname`,`toname`,`status`,`message`,`title`) values (101,'2015-12-17 11:19:40',1,'Amabae','kimi',1,'Sorry, your product&nbsp&nbsp" NOTE 3 STYLE 5.7, 3G android system."&nbsp&nbspon auction didn''t sell.<br/>End time:&nbsp&nbsp2015-12-15 00:00:00&nbsp&nbsp&nbsp&nbspReserve price:&nbsp&nbsp$476<br/>Number of bidder:&nbsp&nbsp0&nbsp&nbsp&nbsp&nbspHighest price given by bidders:&nbsp&nbsp$','Item did not sell');
insert into `Message`(`MessageID`,`sendtime`,`type`,`fromname`,`toname`,`status`,`message`,`title`) values (102,'2015-12-17 11:19:40',1,'Amabae','Tubie',1,'Congratulations! Your product&nbsp&nbsp" DetroitSamsung Galaxy S6"&nbsp&nbspon auction was won by bidder&nbsp&nbspsxm624.<br/>End time:&nbsp&nbsp2015-12-15 00:00:00&nbsp&nbsp&nbsp&nbspReserve price:&nbsp&nbsp$654&nbsp&nbsp&nbsp&nbspNumber of bidder:&nbsp&nbsp2<br/>Price given by&nbsp&nbspsxm624:&nbsp&nbsp$4535&nbsp&nbsp&nbsp&nbspOrder status: waiting for payment','Auction item sold');
insert into `Message`(`MessageID`,`sendtime`,`type`,`fromname`,`toname`,`status`,`message`,`title`) values (103,'2015-12-17 11:19:40',1,'Amabae','sxm624',0,'Congratulations! You win the auction of product " DetroitSamsung Galaxy S6"<br/>Seller:&nbsp&nbspTubie&nbsp&nbsp&nbsp&nbspYour bid price:&nbsp&nbsp$4535&nbsp&nbsp&nbsp&nbspOrder status:&nbsp&nbspwaiting for payment&nbsp&nbsp&nbsp&nbsp<br/>Shippingfee:&nbsp&nbsp$0&nbsp&nbsp&nbsp&nbspPay ID:&nbsp&nbsp40&nbsp&nbsp&nbsp&nbsp<a href="myorder.php" style="text-decoration:none">Go to my order</a>','Win an auction');
insert into `Message`(`MessageID`,`sendtime`,`type`,`fromname`,`toname`,`status`,`message`,`title`) values (104,'2015-12-17 11:19:40',1,'Amabae','Lubber',1,'Sorry, your product&nbsp&nbsp" KMASHI 10000mAh External Battery"&nbsp&nbspon auction didn''t sell.<br/>End time:&nbsp&nbsp2015-12-15 00:00:00&nbsp&nbsp&nbsp&nbspReserve price:&nbsp&nbsp$80<br/>Number of bidder:&nbsp&nbsp0&nbsp&nbsp&nbsp&nbspHighest price given by bidders:&nbsp&nbsp$','Item did not sell');
insert into `Message`(`MessageID`,`sendtime`,`type`,`fromname`,`toname`,`status`,`message`,`title`) values (105,'2015-12-17 11:19:40',1,'Amabae','Chengxiang',1,'Sorry, your product&nbsp&nbsp"TaoTronic Bluetooth Headphones  "&nbsp&nbspon auction didn''t sell.<br/>End time:&nbsp&nbsp2015-12-15 00:00:00&nbsp&nbsp&nbsp&nbspReserve price:&nbsp&nbsp$26<br/>Number of bidder:&nbsp&nbsp0&nbsp&nbsp&nbsp&nbspHighest price given by bidders:&nbsp&nbsp$','Item did not sell');
insert into `Message`(`MessageID`,`sendtime`,`type`,`fromname`,`toname`,`status`,`message`,`title`) values (106,'2015-12-17 11:19:40',1,'Amabae','kimi2',1,'Sorry, your product&nbsp&nbsp"LifeProof FRE iPhone 6 ONLY Case"&nbsp&nbspon auction didn''t sell.<br/>End time:&nbsp&nbsp2015-12-15 00:00:00&nbsp&nbsp&nbsp&nbspReserve price:&nbsp&nbsp$58<br/>Number of bidder:&nbsp&nbsp1&nbsp&nbsp&nbsp&nbspHighest price given by bidders:&nbsp&nbsp$3','Item did not sell');
insert into `Message`(`MessageID`,`sendtime`,`type`,`fromname`,`toname`,`status`,`message`,`title`) values (107,'2015-12-17 11:19:40',1,'Amabae','bob',1,'Sorry, your product&nbsp&nbsp"iPod 5 6 Waterproof Case"&nbsp&nbspon auction didn''t sell.<br/>End time:&nbsp&nbsp2015-12-15 00:00:00&nbsp&nbsp&nbsp&nbspReserve price:&nbsp&nbsp$53<br/>Number of bidder:&nbsp&nbsp0&nbsp&nbsp&nbsp&nbspHighest price given by bidders:&nbsp&nbsp$','Item did not sell');
insert into `Message`(`MessageID`,`sendtime`,`type`,`fromname`,`toname`,`status`,`message`,`title`) values (108,'2015-12-17 11:19:40',1,'Amabae','kimi',1,'Congratulations! Your product&nbsp&nbsp"Acer Chromebook"&nbsp&nbspon auction was won by bidder&nbsp&nbspsxm624.<br/>End time:&nbsp&nbsp2015-12-15 00:00:00&nbsp&nbsp&nbsp&nbspReserve price:&nbsp&nbsp$489&nbsp&nbsp&nbsp&nbspNumber of bidder:&nbsp&nbsp5<br/>Price given by&nbsp&nbspsxm624:&nbsp&nbsp$1050&nbsp&nbsp&nbsp&nbspOrder status: waiting for payment','Auction item sold');
insert into `Message`(`MessageID`,`sendtime`,`type`,`fromname`,`toname`,`status`,`message`,`title`) values (109,'2015-12-17 11:19:40',1,'Amabae','sxm624',0,'Congratulations! You win the auction of product "Acer Chromebook"<br/>Seller:&nbsp&nbspkimi&nbsp&nbsp&nbsp&nbspYour bid price:&nbsp&nbsp$1050&nbsp&nbsp&nbsp&nbspOrder status:&nbsp&nbspwaiting for payment&nbsp&nbsp&nbsp&nbsp<br/>Shippingfee:&nbsp&nbsp$0&nbsp&nbsp&nbsp&nbspPay ID:&nbsp&nbsp41&nbsp&nbsp&nbsp&nbsp<a href="myorder.php" style="text-decoration:none">Go to my order</a>','Win an auction');
insert into `Message`(`MessageID`,`sendtime`,`type`,`fromname`,`toname`,`status`,`message`,`title`) values (110,'2015-12-17 11:19:40',1,'Amabae','Sam',1,'Sorry, your product&nbsp&nbsp"Toshiba Satellite C55-B5240X"&nbsp&nbspon auction didn''t sell.<br/>End time:&nbsp&nbsp2015-12-15 00:00:00&nbsp&nbsp&nbsp&nbspReserve price:&nbsp&nbsp$389<br/>Number of bidder:&nbsp&nbsp0&nbsp&nbsp&nbsp&nbspHighest price given by bidders:&nbsp&nbsp$','Item did not sell');
insert into `Message`(`MessageID`,`sendtime`,`type`,`fromname`,`toname`,`status`,`message`,`title`) values (111,'2015-12-17 11:19:40',1,'Amabae','trudy',1,'Sorry, your product&nbsp&nbsp"Kindle Paperwhite"&nbsp&nbspon auction didn''t sell.<br/>End time:&nbsp&nbsp2015-12-15 00:00:00&nbsp&nbsp&nbsp&nbspReserve price:&nbsp&nbsp$119<br/>Number of bidder:&nbsp&nbsp0&nbsp&nbsp&nbsp&nbspHighest price given by bidders:&nbsp&nbsp$','Item did not sell');
insert into `Message`(`MessageID`,`sendtime`,`type`,`fromname`,`toname`,`status`,`message`,`title`) values (112,'2015-12-17 11:19:40',1,'Amabae','trudy',1,'Sorry, your product&nbsp&nbsp"Samsung Galaxy Tab 4  "&nbsp&nbspon auction didn''t sell.<br/>End time:&nbsp&nbsp2015-12-15 00:00:00&nbsp&nbsp&nbsp&nbspReserve price:&nbsp&nbsp$89<br/>Number of bidder:&nbsp&nbsp0&nbsp&nbsp&nbsp&nbspHighest price given by bidders:&nbsp&nbsp$','Item did not sell');
insert into `Message`(`MessageID`,`sendtime`,`type`,`fromname`,`toname`,`status`,`message`,`title`) values (113,'2015-12-17 11:19:40',1,'Amabae','barb456',1,'Sorry, your product&nbsp&nbsp"MH182LL/A iPad Air"&nbsp&nbspon auction didn''t sell.<br/>End time:&nbsp&nbsp2015-12-15 00:00:00&nbsp&nbsp&nbsp&nbspReserve price:&nbsp&nbsp$509<br/>Number of bidder:&nbsp&nbsp0&nbsp&nbsp&nbsp&nbspHighest price given by bidders:&nbsp&nbsp$','Item did not sell');
insert into `Message`(`MessageID`,`sendtime`,`type`,`fromname`,`toname`,`status`,`message`,`title`) values (114,'2015-12-17 11:19:40',1,'Amabae','Mini',1,'Sorry, your product&nbsp&nbsp"ASUS M32AD Desktop, "&nbsp&nbspon auction didn''t sell.<br/>End time:&nbsp&nbsp2015-12-15 00:00:00&nbsp&nbsp&nbsp&nbspReserve price:&nbsp&nbsp$516<br/>Number of bidder:&nbsp&nbsp0&nbsp&nbsp&nbsp&nbspHighest price given by bidders:&nbsp&nbsp$','Item did not sell');
insert into `Message`(`MessageID`,`sendtime`,`type`,`fromname`,`toname`,`status`,`message`,`title`) values (115,'2015-12-17 11:19:40',1,'Amabae','paddle',1,'Sorry, your product&nbsp&nbsp"Apple Mac Mini MGEN2LL"&nbsp&nbspon auction didn''t sell.<br/>End time:&nbsp&nbsp2015-12-15 00:00:00&nbsp&nbsp&nbsp&nbspReserve price:&nbsp&nbsp$644<br/>Number of bidder:&nbsp&nbsp0&nbsp&nbsp&nbsp&nbspHighest price given by bidders:&nbsp&nbsp$','Item did not sell');
insert into `Message`(`MessageID`,`sendtime`,`type`,`fromname`,`toname`,`status`,`message`,`title`) values (116,'2015-12-17 11:19:40',1,'Amabae','bob',1,'Congratulations! Your product&nbsp&nbsp" CyberpowerPC Gamer Ultra GUA880"&nbsp&nbspon auction was won by bidder&nbsp&nbspsxm624.<br/>End time:&nbsp&nbsp2015-12-15 00:00:00&nbsp&nbsp&nbsp&nbspReserve price:&nbsp&nbsp$489&nbsp&nbsp&nbsp&nbspNumber of bidder:&nbsp&nbsp13<br/>Price given by&nbsp&nbspsxm624:&nbsp&nbsp$1002&nbsp&nbsp&nbsp&nbspOrder status: waiting for payment','Auction item sold');
insert into `Message`(`MessageID`,`sendtime`,`type`,`fromname`,`toname`,`status`,`message`,`title`) values (117,'2015-12-17 11:19:40',1,'Amabae','sxm624',0,'Congratulations! You win the auction of product " CyberpowerPC Gamer Ultra GUA880"<br/>Seller:&nbsp&nbspbob&nbsp&nbsp&nbsp&nbspYour bid price:&nbsp&nbsp$1002&nbsp&nbsp&nbsp&nbspOrder status:&nbsp&nbspwaiting for payment&nbsp&nbsp&nbsp&nbsp<br/>Shippingfee:&nbsp&nbsp$0&nbsp&nbsp&nbsp&nbspPay ID:&nbsp&nbsp42&nbsp&nbsp&nbsp&nbsp<a href="myorder.php" style="text-decoration:none">Go to my order</a>','Win an auction');
insert into `Message`(`MessageID`,`sendtime`,`type`,`fromname`,`toname`,`status`,`message`,`title`) values (118,'2015-12-17 11:19:40',1,'Amabae','bob',1,'Sorry, your product&nbsp&nbsp"New For Dell Latitude E6410 E6510 US Keyboard Backlit Laptop Parts"&nbsp&nbspon auction didn''t sell.<br/>End time:&nbsp&nbsp2015-12-15 00:00:00&nbsp&nbsp&nbsp&nbspReserve price:&nbsp&nbsp$18<br/>Number of bidder:&nbsp&nbsp0&nbsp&nbsp&nbsp&nbspHighest price given by bidders:&nbsp&nbsp$','Item did not sell');
insert into `Message`(`MessageID`,`sendtime`,`type`,`fromname`,`toname`,`status`,`message`,`title`) values (119,'2015-12-17 11:19:40',1,'Amabae','kimi2',1,'Sorry, your product&nbsp&nbsp"Part Model No. PA5109U-1BRS Battery For Toshiba Satellite C50-A C50D-A Laptop"&nbsp&nbspon auction didn''t sell.<br/>End time:&nbsp&nbsp2015-12-15 00:00:00&nbsp&nbsp&nbsp&nbspReserve price:&nbsp&nbsp$17<br/>Number of bidder:&nbsp&nbsp0&nbsp&nbsp&nbsp&nbspHighest price given by bidders:&nbsp&nbsp$','Item did not sell');
insert into `Message`(`MessageID`,`sendtime`,`type`,`fromname`,`toname`,`status`,`message`,`title`) values (120,'2015-12-17 11:19:40',1,'Amabae','Chengxiang',1,'Sorry, your product&nbsp&nbsp"Levi''s Men''s 511 Slim Fit Jea,  Trenton,     39,   "&nbsp&nbspon auction didn''t sell.<br/>End time:&nbsp&nbsp2015-12-15 00:00:00&nbsp&nbsp&nbsp&nbspReserve price:&nbsp&nbsp$39<br/>Number of bidder:&nbsp&nbsp0&nbsp&nbsp&nbsp&nbspHighest price given by bidders:&nbsp&nbsp$','Item did not sell');
insert into `Message`(`MessageID`,`sendtime`,`type`,`fromname`,`toname`,`status`,`message`,`title`) values (121,'2015-12-17 11:19:40',1,'Amabae','tyler',1,'Sorry, your product&nbsp&nbsp"Lacoste Men''s 3-Pack Essentials Cotton Knit Boxer "&nbsp&nbspon auction didn''t sell.<br/>End time:&nbsp&nbsp2015-12-15 00:00:00&nbsp&nbsp&nbsp&nbspReserve price:&nbsp&nbsp$19<br/>Number of bidder:&nbsp&nbsp0&nbsp&nbsp&nbsp&nbspHighest price given by bidders:&nbsp&nbsp$','Item did not sell');
insert into `Message`(`MessageID`,`sendtime`,`type`,`fromname`,`toname`,`status`,`message`,`title`) values (122,'2015-12-17 11:19:40',1,'Amabae','Michel',1,'Sorry, your product&nbsp&nbsp"Lacoste Men''s Short Sleeve Stretch Pima Pique Striped Regular Fit Polo Shirt"&nbsp&nbspon auction didn''t sell.<br/>End time:&nbsp&nbsp2015-12-15 00:00:00&nbsp&nbsp&nbsp&nbspReserve price:&nbsp&nbsp$110<br/>Number of bidder:&nbsp&nbsp0&nbsp&nbsp&nbsp&nbspHighest price given by bidders:&nbsp&nbsp$','Item did not sell');
insert into `Message`(`MessageID`,`sendtime`,`type`,`fromname`,`toname`,`status`,`message`,`title`) values (123,'2015-12-17 11:19:40',1,'Amabae','trudy',1,'Sorry, your product&nbsp&nbsp"Lacoste Men''s Long Sleeve Jersey Pima Regular Fit V Neck T-Shirt"&nbsp&nbspon auction didn''t sell.<br/>End time:&nbsp&nbsp2015-12-15 00:00:00&nbsp&nbsp&nbsp&nbspReserve price:&nbsp&nbsp$89<br/>Number of bidder:&nbsp&nbsp0&nbsp&nbsp&nbsp&nbspHighest price given by bidders:&nbsp&nbsp$','Item did not sell');
insert into `Message`(`MessageID`,`sendtime`,`type`,`fromname`,`toname`,`status`,`message`,`title`) values (124,'2015-12-17 11:19:40',1,'Amabae','Houbing',1,'Sorry, your product&nbsp&nbsp"Lacoste Men''s Giron Snm Fashion Sneaker"&nbsp&nbspon auction didn''t sell.<br/>End time:&nbsp&nbsp2015-12-15 00:00:00&nbsp&nbsp&nbsp&nbspReserve price:&nbsp&nbsp$69<br/>Number of bidder:&nbsp&nbsp0&nbsp&nbsp&nbsp&nbspHighest price given by bidders:&nbsp&nbsp$','Item did not sell');
insert into `Message`(`MessageID`,`sendtime`,`type`,`fromname`,`toname`,`status`,`message`,`title`) values (125,'2015-12-17 11:19:40',1,'Amabae','paddle',1,'Sorry, your product&nbsp&nbsp"Aldo Men''s Prearia Winter Boot"&nbsp&nbspon auction didn''t sell.<br/>End time:&nbsp&nbsp2015-12-15 00:00:00&nbsp&nbsp&nbsp&nbspReserve price:&nbsp&nbsp$175<br/>Number of bidder:&nbsp&nbsp0&nbsp&nbsp&nbsp&nbspHighest price given by bidders:&nbsp&nbsp$','Item did not sell');
insert into `Message`(`MessageID`,`sendtime`,`type`,`fromname`,`toname`,`status`,`message`,`title`) values (126,'2015-12-17 11:19:40',1,'Amabae','Mini',1,'Sorry, your product&nbsp&nbsp"Lacoste Women''s Short Sleeve Stretch Pima Pique Striped Regular Fit Polo Shirt"&nbsp&nbspon auction didn''t sell.<br/>End time:&nbsp&nbsp2015-12-15 00:00:00&nbsp&nbsp&nbsp&nbspReserve price:&nbsp&nbsp$99<br/>Number of bidder:&nbsp&nbsp0&nbsp&nbsp&nbsp&nbspHighest price given by bidders:&nbsp&nbsp$','Item did not sell');
insert into `Message`(`MessageID`,`sendtime`,`type`,`fromname`,`toname`,`status`,`message`,`title`) values (127,'2015-12-17 11:19:40',1,'Amabae','kimi',1,'Sorry, your product&nbsp&nbsp"Lacoste Women''s Long Sleeve Jersey Pima Regular Fit V Neck T-Shirt"&nbsp&nbspon auction didn''t sell.<br/>End time:&nbsp&nbsp2015-12-15 00:00:00&nbsp&nbsp&nbsp&nbspReserve price:&nbsp&nbsp$69<br/>Number of bidder:&nbsp&nbsp0&nbsp&nbsp&nbsp&nbspHighest price given by bidders:&nbsp&nbsp$','Item did not sell');
insert into `Message`(`MessageID`,`sendtime`,`type`,`fromname`,`toname`,`status`,`message`,`title`) values (128,'2015-12-17 11:19:40',1,'Amabae','tianqi',1,'Sorry, your product&nbsp&nbsp"GUESS Women''s Faux-Fur Collared Long Coat"&nbsp&nbspon auction didn''t sell.<br/>End time:&nbsp&nbsp2015-12-15 00:00:00&nbsp&nbsp&nbsp&nbspReserve price:&nbsp&nbsp$198<br/>Number of bidder:&nbsp&nbsp0&nbsp&nbsp&nbsp&nbspHighest price given by bidders:&nbsp&nbsp$','Item did not sell');
insert into `Message`(`MessageID`,`sendtime`,`type`,`fromname`,`toname`,`status`,`message`,`title`) values (129,'2015-12-17 11:19:40',1,'Amabae','Tubie',1,'Sorry, your product&nbsp&nbsp"Anne Klein Women''s Classic Double-Breasted Coat"&nbsp&nbspon auction didn''t sell.<br/>End time:&nbsp&nbsp2015-12-15 00:00:00&nbsp&nbsp&nbsp&nbspReserve price:&nbsp&nbsp$144<br/>Number of bidder:&nbsp&nbsp0&nbsp&nbsp&nbsp&nbspHighest price given by bidders:&nbsp&nbsp$','Item did not sell');
insert into `Message`(`MessageID`,`sendtime`,`type`,`fromname`,`toname`,`status`,`message`,`title`) values (130,'2015-12-17 11:19:40',1,'Amabae','barb456',1,'Sorry, your product&nbsp&nbsp"PUMA Women''s Pulse XT Geo Cross-Training Shoe"&nbsp&nbspon auction didn''t sell.<br/>End time:&nbsp&nbsp2015-12-15 00:00:00&nbsp&nbsp&nbsp&nbspReserve price:&nbsp&nbsp$125<br/>Number of bidder:&nbsp&nbsp0&nbsp&nbsp&nbsp&nbspHighest price given by bidders:&nbsp&nbsp$','Item did not sell');
insert into `Message`(`MessageID`,`sendtime`,`type`,`fromname`,`toname`,`status`,`message`,`title`) values (131,'2015-12-17 11:19:40',1,'Amabae','tyler',1,'Sorry, your product&nbsp&nbsp"Jessica Simpson Women''s Sampson Wedge Pump"&nbsp&nbspon auction didn''t sell.<br/>End time:&nbsp&nbsp2015-12-15 00:00:00&nbsp&nbsp&nbsp&nbspReserve price:&nbsp&nbsp$69<br/>Number of bidder:&nbsp&nbsp0&nbsp&nbsp&nbsp&nbspHighest price given by bidders:&nbsp&nbsp$','Item did not sell');
insert into `Message`(`MessageID`,`sendtime`,`type`,`fromname`,`toname`,`status`,`message`,`title`) values (132,'2015-12-17 11:19:40',1,'Amabae','Lubber',1,'Sorry, your product&nbsp&nbsp"Danby Designer 0.7 cu.ft. Countertop Microwave"&nbsp&nbspon auction didn''t sell.<br/>End time:&nbsp&nbsp2015-12-15 00:00:00&nbsp&nbsp&nbsp&nbspReserve price:&nbsp&nbsp$89<br/>Number of bidder:&nbsp&nbsp0&nbsp&nbsp&nbsp&nbspHighest price given by bidders:&nbsp&nbsp$','Item did not sell');
insert into `Message`(`MessageID`,`sendtime`,`type`,`fromname`,`toname`,`status`,`message`,`title`) values (133,'2015-12-17 11:19:40',1,'Amabae','tianqi',1,'Sorry, your product&nbsp&nbsp"Westinghouse WM009 900W Counter Top Microwave Oven"&nbsp&nbspon auction didn''t sell.<br/>End time:&nbsp&nbsp2015-12-15 00:00:00&nbsp&nbsp&nbsp&nbspReserve price:&nbsp&nbsp$99<br/>Number of bidder:&nbsp&nbsp0&nbsp&nbsp&nbsp&nbspHighest price given by bidders:&nbsp&nbsp$','Item did not sell');
insert into `Message`(`MessageID`,`sendtime`,`type`,`fromname`,`toname`,`status`,`message`,`title`) values (134,'2015-12-17 11:19:40',1,'Amabae','tyler',1,'Sorry, your product&nbsp&nbsp"Samsung RF28HFEDBSR Energy Star"&nbsp&nbspon auction didn''t sell.<br/>End time:&nbsp&nbsp2015-12-15 00:00:00&nbsp&nbsp&nbsp&nbspReserve price:&nbsp&nbsp$815<br/>Number of bidder:&nbsp&nbsp0&nbsp&nbsp&nbsp&nbspHighest price given by bidders:&nbsp&nbsp$','Item did not sell');
insert into `Message`(`MessageID`,`sendtime`,`type`,`fromname`,`toname`,`status`,`message`,`title`) values (135,'2015-12-17 11:19:40',1,'Amabae','Mini',1,'Sorry, your product&nbsp&nbsp"RCA- Igloo RFR115-160"&nbsp&nbspon auction didn''t sell.<br/>End time:&nbsp&nbsp2015-12-15 00:00:00&nbsp&nbsp&nbsp&nbspReserve price:&nbsp&nbsp$70<br/>Number of bidder:&nbsp&nbsp0&nbsp&nbsp&nbsp&nbspHighest price given by bidders:&nbsp&nbsp$','Item did not sell');
insert into `Message`(`MessageID`,`sendtime`,`type`,`fromname`,`toname`,`status`,`message`,`title`) values (136,'2015-12-17 11:19:40',1,'Amabae','barb456',1,'Sorry, your product&nbsp&nbsp"Waring SB30 1300-Watt Portable Single Burner"&nbsp&nbspon auction didn''t sell.<br/>End time:&nbsp&nbsp2015-12-15 00:00:00&nbsp&nbsp&nbsp&nbspReserve price:&nbsp&nbsp$49<br/>Number of bidder:&nbsp&nbsp0&nbsp&nbsp&nbsp&nbspHighest price given by bidders:&nbsp&nbsp$','Item did not sell');
insert into `Message`(`MessageID`,`sendtime`,`type`,`fromname`,`toname`,`status`,`message`,`title`) values (137,'2015-12-17 11:19:40',1,'Amabae','tianqi',1,'Sorry, your product&nbsp&nbsp"IMUSA USA GAU-80306 1500W Electric Double Burner"&nbsp&nbspon auction didn''t sell.<br/>End time:&nbsp&nbsp2015-12-15 00:00:00&nbsp&nbsp&nbsp&nbspReserve price:&nbsp&nbsp$29<br/>Number of bidder:&nbsp&nbsp0&nbsp&nbsp&nbsp&nbspHighest price given by bidders:&nbsp&nbsp$','Item did not sell');
insert into `Message`(`MessageID`,`sendtime`,`type`,`fromname`,`toname`,`status`,`message`,`title`) values (138,'2015-12-17 11:19:40',1,'Amabae','paddle',1,'Sorry, your product&nbsp&nbsp"Frigidaire FRA052XT7 5,000-BTU Mini Window Air Conditioner"&nbsp&nbspon auction didn''t sell.<br/>End time:&nbsp&nbsp2015-12-15 00:00:00&nbsp&nbsp&nbsp&nbspReserve price:&nbsp&nbsp$200<br/>Number of bidder:&nbsp&nbsp0&nbsp&nbsp&nbsp&nbspHighest price given by bidders:&nbsp&nbsp$','Item did not sell');
insert into `Message`(`MessageID`,`sendtime`,`type`,`fromname`,`toname`,`status`,`message`,`title`) values (139,'2015-12-17 11:19:40',1,'Amabae','Tubie',1,'Sorry, your product&nbsp&nbsp"SPT SF-609 Portable Evaporative Air Cooler"&nbsp&nbspon auction didn''t sell.<br/>End time:&nbsp&nbsp2015-12-15 00:00:00&nbsp&nbsp&nbsp&nbspReserve price:&nbsp&nbsp$265<br/>Number of bidder:&nbsp&nbsp0&nbsp&nbsp&nbsp&nbspHighest price given by bidders:&nbsp&nbsp$','Item did not sell');
insert into `Message`(`MessageID`,`sendtime`,`type`,`fromname`,`toname`,`status`,`message`,`title`) values (140,'2015-12-17 11:19:40',1,'Amabae','Michel',1,'Sorry, your product&nbsp&nbsp"TVizio E24-C1 24-Inches 1080p Smart LED TV"&nbsp&nbspon auction didn''t sell.<br/>End time:&nbsp&nbsp2015-12-15 00:00:00&nbsp&nbsp&nbsp&nbspReserve price:&nbsp&nbsp$179<br/>Number of bidder:&nbsp&nbsp0&nbsp&nbsp&nbsp&nbspHighest price given by bidders:&nbsp&nbsp$','Item did not sell');
insert into `Message`(`MessageID`,`sendtime`,`type`,`fromname`,`toname`,`status`,`message`,`title`) values (141,'2015-12-17 11:19:40',1,'Amabae','Chengxiang',1,'Sorry, your product&nbsp&nbsp"TCL 32D2700 32-Inch 720p 60Hz LED TV (2015 Model)"&nbsp&nbspon auction didn''t sell.<br/>End time:&nbsp&nbsp2015-12-15 00:00:00&nbsp&nbsp&nbsp&nbspReserve price:&nbsp&nbsp$399<br/>Number of bidder:&nbsp&nbsp0&nbsp&nbsp&nbsp&nbspHighest price given by bidders:&nbsp&nbsp$','Item did not sell');
insert into `Message`(`MessageID`,`sendtime`,`type`,`fromname`,`toname`,`status`,`message`,`title`) values (142,'2015-12-17 11:19:40',1,'Amabae','Michel',1,'Sorry, your product&nbsp&nbsp"Campbell Biology (9th Edition)"&nbsp&nbspon auction didn''t sell.<br/>End time:&nbsp&nbsp2015-12-15 00:00:00&nbsp&nbsp&nbsp&nbspReserve price:&nbsp&nbsp$68<br/>Number of bidder:&nbsp&nbsp0&nbsp&nbsp&nbsp&nbspHighest price given by bidders:&nbsp&nbsp$','Item did not sell');
insert into `Message`(`MessageID`,`sendtime`,`type`,`fromname`,`toname`,`status`,`message`,`title`) values (143,'2015-12-17 11:19:40',1,'Amabae','tianqi',1,'Sorry, your product&nbsp&nbsp"Psychology, 10th Edition"&nbsp&nbspon auction didn''t sell.<br/>End time:&nbsp&nbsp2015-12-15 00:00:00&nbsp&nbsp&nbsp&nbspReserve price:&nbsp&nbsp$49<br/>Number of bidder:&nbsp&nbsp0&nbsp&nbsp&nbsp&nbspHighest price given by bidders:&nbsp&nbsp$','Item did not sell');
insert into `Message`(`MessageID`,`sendtime`,`type`,`fromname`,`toname`,`status`,`message`,`title`) values (144,'2015-12-17 11:19:40',1,'Amabae','Houbing',1,'Sorry, your product&nbsp&nbsp"Computer Security"&nbsp&nbspon auction didn''t sell.<br/>End time:&nbsp&nbsp2015-12-15 00:00:00&nbsp&nbsp&nbsp&nbspReserve price:&nbsp&nbsp$6<br/>Number of bidder:&nbsp&nbsp0&nbsp&nbsp&nbsp&nbspHighest price given by bidders:&nbsp&nbsp$','Item did not sell');
insert into `Message`(`MessageID`,`sendtime`,`type`,`fromname`,`toname`,`status`,`message`,`title`) values (145,'2015-12-17 11:19:40',1,'Amabae','Sam',1,'Sorry, your product&nbsp&nbsp"Processes and Techniques"&nbsp&nbspon auction didn''t sell.<br/>End time:&nbsp&nbsp2015-12-15 00:00:00&nbsp&nbsp&nbsp&nbspReserve price:&nbsp&nbsp$29<br/>Number of bidder:&nbsp&nbsp0&nbsp&nbsp&nbsp&nbspHighest price given by bidders:&nbsp&nbsp$','Item did not sell');
insert into `Message`(`MessageID`,`sendtime`,`type`,`fromname`,`toname`,`status`,`message`,`title`) values (146,'2015-12-17 11:19:40',1,'Amabae','Lubber',1,'Sorry, your product&nbsp&nbsp"Fine Cooking Magzine December 2012 January 2013"&nbsp&nbspon auction didn''t sell.<br/>End time:&nbsp&nbsp2015-12-15 00:00:00&nbsp&nbsp&nbsp&nbspReserve price:&nbsp&nbsp$15<br/>Number of bidder:&nbsp&nbsp0&nbsp&nbsp&nbsp&nbspHighest price given by bidders:&nbsp&nbsp$','Item did not sell');
insert into `Message`(`MessageID`,`sendtime`,`type`,`fromname`,`toname`,`status`,`message`,`title`) values (147,'2015-12-17 11:19:40',1,'Amabae','Tubie',1,'Sorry, your product&nbsp&nbsp"Every Day with Rachael Ray"&nbsp&nbspon auction didn''t sell.<br/>End time:&nbsp&nbsp2015-12-15 00:00:00&nbsp&nbsp&nbsp&nbspReserve price:&nbsp&nbsp$6<br/>Number of bidder:&nbsp&nbsp0&nbsp&nbsp&nbsp&nbspHighest price given by bidders:&nbsp&nbsp$','Item did not sell');
insert into `Message`(`MessageID`,`sendtime`,`type`,`fromname`,`toname`,`status`,`message`,`title`) values (148,'2015-12-17 11:19:40',1,'Amabae','Sam',1,'Sorry, your product&nbsp&nbsp"Variety Puzzles and Games-Vol.30"&nbsp&nbspon auction didn''t sell.<br/>End time:&nbsp&nbsp2015-12-15 00:00:00&nbsp&nbsp&nbsp&nbspReserve price:&nbsp&nbsp$8<br/>Number of bidder:&nbsp&nbsp0&nbsp&nbsp&nbsp&nbspHighest price given by bidders:&nbsp&nbsp$','Item did not sell');
insert into `Message`(`MessageID`,`sendtime`,`type`,`fromname`,`toname`,`status`,`message`,`title`) values (149,'2015-12-17 11:19:40',1,'Amabae','Houbing',1,'Sorry, your product&nbsp&nbsp"National Geographic Animal Encyclopedia"&nbsp&nbspon auction didn''t sell.<br/>End time:&nbsp&nbsp2015-12-15 00:00:00&nbsp&nbsp&nbsp&nbspReserve price:&nbsp&nbsp$12<br/>Number of bidder:&nbsp&nbsp0&nbsp&nbsp&nbsp&nbspHighest price given by bidders:&nbsp&nbsp$','Item did not sell');
insert into `Message`(`MessageID`,`sendtime`,`type`,`fromname`,`toname`,`status`,`message`,`title`) values (150,'2015-12-17 11:19:40',1,'Amabae','kimi2',1,'Sorry, your product&nbsp&nbsp"Brighter Child Early Learning"&nbsp&nbspon auction didn''t sell.<br/>End time:&nbsp&nbsp2015-12-15 00:00:00&nbsp&nbsp&nbsp&nbspReserve price:&nbsp&nbsp$14<br/>Number of bidder:&nbsp&nbsp0&nbsp&nbsp&nbsp&nbspHighest price given by bidders:&nbsp&nbsp$','Item did not sell');
insert into `Message`(`MessageID`,`sendtime`,`type`,`fromname`,`toname`,`status`,`message`,`title`) values (151,'2015-12-17 11:19:40',1,'Amabae','Chengxiang',1,'Sorry, your product&nbsp&nbsp"Lacoste Women''s Long Sleeve Jersey Pima V Neck T-Shirt"&nbsp&nbspon auction didn''t sell.<br/>End time:&nbsp&nbsp2015-12-15 00:00:00&nbsp&nbsp&nbsp&nbspReserve price:&nbsp&nbsp$69<br/>Number of bidder:&nbsp&nbsp0&nbsp&nbsp&nbsp&nbspHighest price given by bidders:&nbsp&nbsp$','Item did not sell');
insert into `Message`(`MessageID`,`sendtime`,`type`,`fromname`,`toname`,`status`,`message`,`title`) values (152,'2015-12-17 11:19:40',1,'Amabae','seller',1,'Sorry, your product&nbsp&nbsp"Leslie"&nbsp&nbspon auction didn''t sell.<br/>End time:&nbsp&nbsp2015-12-11 23:00:00&nbsp&nbsp&nbsp&nbspReserve price:&nbsp&nbsp$100<br/>Number of bidder:&nbsp&nbsp0&nbsp&nbsp&nbsp&nbspHighest price given by bidders:&nbsp&nbsp$','Item did not sell');

insert into `Creditcard`(`UserID`,`cardtype`,`card_number`,`expire`) values (1,'discover','7209319783292637','2017-03-14');
insert into `Creditcard`(`UserID`,`cardtype`,`card_number`,`expire`) values (2,'discover','2555788182871747','2017-11-19');
insert into `Creditcard`(`UserID`,`cardtype`,`card_number`,`expire`) values (2,'discover','2965164525226547','2018-04-15');
insert into `Creditcard`(`UserID`,`cardtype`,`card_number`,`expire`) values (3,'discover','2758132690915026','2018-10-01');
insert into `Creditcard`(`UserID`,`cardtype`,`card_number`,`expire`) values (3,'discover','6314718773536925','2019-05-16');
insert into `Creditcard`(`UserID`,`cardtype`,`card_number`,`expire`) values (4,'discover','0836059574756357','2020-11-10');
insert into `Creditcard`(`UserID`,`cardtype`,`card_number`,`expire`) values (4,'discover','4154925509612654','2020-12-05');
insert into `Creditcard`(`UserID`,`cardtype`,`card_number`,`expire`) values (4,'discover','4247388723362432','2020-06-17');
insert into `Creditcard`(`UserID`,`cardtype`,`card_number`,`expire`) values (4,'discover','7651285845385279','2019-09-02');
insert into `Creditcard`(`UserID`,`cardtype`,`card_number`,`expire`) values (5,'discover','0810310880486271','2021-07-18');
insert into `Creditcard`(`UserID`,`cardtype`,`card_number`,`expire`) values (5,'discover','3454585397780838','2021-07-06');
insert into `Creditcard`(`UserID`,`cardtype`,`card_number`,`expire`) values (5,'discover','9548214110128801','2022-12-11');
insert into `Creditcard`(`UserID`,`cardtype`,`card_number`,`expire`) values (5,'discover','9593861826120474','2020-10-03');
insert into `Creditcard`(`UserID`,`cardtype`,`card_number`,`expire`) values (6,'discover','2800921208347318','2022-08-07');
insert into `Creditcard`(`UserID`,`cardtype`,`card_number`,`expire`) values (6,'discover','3164618104709968','2022-08-19');
insert into `Creditcard`(`UserID`,`cardtype`,`card_number`,`expire`) values (6,'discover','3172227173201478','2019-11-04');
insert into `Creditcard`(`UserID`,`cardtype`,`card_number`,`expire`) values (6,'discover','5866189496947801','2017-10-12');
insert into `Creditcard`(`UserID`,`cardtype`,`card_number`,`expire`) values (7,'discover','0170272601530263','2023-09-20');
insert into `Creditcard`(`UserID`,`cardtype`,`card_number`,`expire`) values (7,'discover','1574354656843876','2023-09-08');
insert into `Creditcard`(`UserID`,`cardtype`,`card_number`,`expire`) values (7,'discover','4396419271250970','2022-11-13');
insert into `Creditcard`(`UserID`,`cardtype`,`card_number`,`expire`) values (8,'discover','5387391271504243','2024-10-09');
insert into `Creditcard`(`UserID`,`cardtype`,`card_number`,`expire`) values (8,'discover','7665646511974356','2024-10-21');
insert into `Creditcard`(`UserID`,`cardtype`,`card_number`,`expire`) values (8,'discover','8452084800468241','2017-12-24');
insert into `Creditcard`(`UserID`,`cardtype`,`card_number`,`expire`) values (9,'discover','1506653433607827','2020-11-04');
insert into `Creditcard`(`UserID`,`cardtype`,`card_number`,`expire`) values (10,'discover','5311527194062952','2021-12-05');
insert into `Creditcard`(`UserID`,`cardtype`,`card_number`,`expire`) values (11,'discover','3792085741492500','2022-09-06');
insert into `Creditcard`(`UserID`,`cardtype`,`card_number`,`expire`) values (12,'discover','3870116948860385','2017-10-07');
insert into `Creditcard`(`UserID`,`cardtype`,`card_number`,`expire`) values (13,'discover','5552050329572820','2022-11-08');
insert into `Creditcard`(`UserID`,`cardtype`,`card_number`,`expire`) values (14,'discover','9697685134595131','2023-12-17');
insert into `Creditcard`(`UserID`,`cardtype`,`card_number`,`expire`) values (15,'discover','1351057425856976','2024-10-18');
insert into `Creditcard`(`UserID`,`cardtype`,`card_number`,`expire`) values (16,'discover','6011001561234008','2020-09-01');
insert into `Creditcard`(`UserID`,`cardtype`,`card_number`,`expire`) values (32,'discover','401569783292637','2017-03-14');
insert into `Creditcard`(`UserID`,`cardtype`,`card_number`,`expire`) values (33,'discover','862341978120943','2040-05-11');
insert into `Creditcard`(`UserID`,`cardtype`,`card_number`,`expire`) values (34,'discover','104729856348654','2023-08-19');
insert into `Creditcard`(`UserID`,`cardtype`,`card_number`,`expire`) values (35,'Discover','11111111111111111111','2016-01-19');

insert into `Phone`(`UserID`,`phonenumber`) values (1,'814-8727289');
insert into `Phone`(`UserID`,`phonenumber`) values (2,'412-6082437');
insert into `Phone`(`UserID`,`phonenumber`) values (3,'814-8536968');
insert into `Phone`(`UserID`,`phonenumber`) values (3,'832-7702942');
insert into `Phone`(`UserID`,`phonenumber`) values (3,'968-4170632');
insert into `Phone`(`UserID`,`phonenumber`) values (3,'968-4170636');
insert into `Phone`(`UserID`,`phonenumber`) values (4,'516-9055572');
insert into `Phone`(`UserID`,`phonenumber`) values (4,'814-8536961');
insert into `Phone`(`UserID`,`phonenumber`) values (4,'968-4170640');
insert into `Phone`(`UserID`,`phonenumber`) values (5,'785-2096961');
insert into `Phone`(`UserID`,`phonenumber`) values (5,'814-8536969');
insert into `Phone`(`UserID`,`phonenumber`) values (5,'968-4170633');
insert into `Phone`(`UserID`,`phonenumber`) values (6,'814-7197785');
insert into `Phone`(`UserID`,`phonenumber`) values (6,'814-8536962');
insert into `Phone`(`UserID`,`phonenumber`) values (7,'412-4859702');
insert into `Phone`(`UserID`,`phonenumber`) values (7,'814-8536965');
insert into `Phone`(`UserID`,`phonenumber`) values (7,'968-4170641');
insert into `Phone`(`UserID`,`phonenumber`) values (8,'634-8306580');
insert into `Phone`(`UserID`,`phonenumber`) values (8,'968-4170637');
insert into `Phone`(`UserID`,`phonenumber`) values (9,'513-6017345');
insert into `Phone`(`UserID`,`phonenumber`) values (9,'814-8536966');
insert into `Phone`(`UserID`,`phonenumber`) values (10,'445-6272311');
insert into `Phone`(`UserID`,`phonenumber`) values (10,'968-4170638');
insert into `Phone`(`UserID`,`phonenumber`) values (11,'812-5548738');
insert into `Phone`(`UserID`,`phonenumber`) values (11,'814-8536967');
insert into `Phone`(`UserID`,`phonenumber`) values (12,'815-1874677');
insert into `Phone`(`UserID`,`phonenumber`) values (12,'968-4170634');
insert into `Phone`(`UserID`,`phonenumber`) values (12,'968-4170639');
insert into `Phone`(`UserID`,`phonenumber`) values (13,'814-8536963');
insert into `Phone`(`UserID`,`phonenumber`) values (13,'825-3359013');
insert into `Phone`(`UserID`,`phonenumber`) values (14,'968-4170631');
insert into `Phone`(`UserID`,`phonenumber`) values (14,'968-4170635');
insert into `Phone`(`UserID`,`phonenumber`) values (15,'814-8536960');
insert into `Phone`(`UserID`,`phonenumber`) values (15,'814-8536964');
insert into `Phone`(`UserID`,`phonenumber`) values (16,'8147532775');
insert into `Phone`(`UserID`,`phonenumber`) values (32,'814-8727289');
insert into `Phone`(`UserID`,`phonenumber`) values (33,'814-7532775');
insert into `Phone`(`UserID`,`phonenumber`) values (34,'814-4414376');
insert into `Phone`(`UserID`,`phonenumber`) values (35,'8147532775');


